OBJECTID,PA_TYPE,PA_UNITS,PA_PLAT_NUM,PA_PLAT_LOT,PA_LEGAL_ACRE,PA_SUBD_NAME,PA_SUBD_PHASE,PA_SUBD_SECT,PA_SUBD_BLOCK,PA_LEGAL_SQFT,PA_UPD_DATE,PA_MCPI,SHAPE_Length,SHAPE_Area
1,U,0,,,1,,,,,,2020/04/17 04:00:00+00, ,895.4335396,43559.50715
2,P,0,,A,0.97, , , , ,42253,2025/04/23 04:00:00+00,2.17E+11,818.2369013,42366.98794
3,P,0,,B,4.13, , , , ,179903,2025/04/23 04:00:00+00,2.17E+11,1901.735059,168774.4716
4,P,0, , ,1.6,WESTGREEN, , , ,69696,,2.31E+11,2776.953998,65670.13611
5,P,0, , ,0.34,LUCAS SUBDIVISION, , , ,14810.4,,4.88E+11,515.532482,13701.91055
6,P,0, , ,0.209,HOOPES SUBDIVISION, , ,A,9147.6,,4.88E+11,419.9946153,8999.775392
7,P,0, , ,0.479,LUCAS SUBDIVISION, , , ,20908.8,,4.88E+11,619.3404591,20907.15406
8,P,0, , ,0.17, , , , ,7405.2,,2.30E+11,403.5105839,7499.535473
9,P,0, , ,0.389,LUCAS SUBDIVISION, , , ,16988.4,,4.88E+11,514.4972869,13663.28462
10,P,0, , ,10.199,GALLAGHER DIVISION, , , ,444312,,3.32E+11,2914.998194,459633.8212
11,P,0, , ,2.119, , , , ,92347.2,,3.32E+11,2140.653427,92827.08925
12,P,0, , ,0.34,TAVISTOCK FARMS, ,5, ,14810.4,,1.90E+11,475.2175596,14854.01304
13,P,0, , ,10.18,FAIRFARM INC DIVISION, , , ,443440.8,,3.14E+11,2869.974082,454884.5906
14,P,0, , ,6.9,GALLAGHER DIVISION, , , ,300564,,3.32E+11,2204.437788,295060.4896
15,P,0, , ,20.52,WILLIAMS DIVISION, , , ,893851.2,,2.98E+11,3973.239172,921240.8485
16,P,0, , ,4.949, , , , ,215622,,3.68E+11,2710.962382,228326.8495
17,P,0, , ,10.39,GALLAGHER DIVISION, , , ,452588.4,,3.32E+11,2848.434074,483710.5116
18,P,0, , ,0.5, , , , ,21780,,4.39E+11,801.0740191,22186.40773
19,P,0, , ,0.4, , , , ,17424,,5.09E+11,527.1516535,17261.93309
20,P,0, , ,0.409, , , , ,17859.6,,3.32E+11,560.1210557,18003.80625
21,P,0, , ,0.109,CEDAR WALK, ,2, ,4791.6,,1.88E+11,319.1495268,5073.791215
22,P,0, , ,0.119,CEDAR WALK, ,2, ,5227.2,,1.88E+11,334.6295812,5008.27619
23,P,0, , ,1,SPRINGDALE SUBDIVISION, , , ,43560,,3.32E+11,849.9156058,43731.64057
24,P,0, , ,0.059,CARNABY SQUARE SUBDIVISION, , , ,2613.6,,1.88E+11,240.1531851,2580.78655
25,P,0, , ,0.259,TAVISTOCK FARMS, ,5, ,11325.6,,1.90E+11,440.1403799,11484.90684
26,P,0, , ,10.039, , , , ,437342.4,,4.48E+11,3871.713804,438187.0213
27,P,0, , ,5, , , , ,217800,,4.48E+11,3228.658145,218384.7366
28,P,0, , ,11.18, , , , ,487000.8,,4.48E+11,3513.272342,489465.506
29,P,0, , ,1, , , , ,43560,,4.48E+11,835.4471584,42218.01546
30,P,0, , ,0.15,CEDAR WALK, ,2, ,6534,,1.88E+11,359.6626822,6517.398073
31,P,0, , ,4.139, , , , ,180338.4,,4.48E+11,2153.737098,181118.8226
32,P,0, , ,5.619, , , , ,244807.2,,4.48E+11,2204.16169,253295.7143
33,P,0, , ,10.01,CHAMBERLIN DIVISION, , , ,436035.6,,5.19E+11,2651.458636,437759.7397
34,P,0, , ,4.699, , , , ,204732,,2.97E+11,2123.44677,208112.2458
35,P,0, , ,10,CHAMBERLIN DIVISION, , , ,435600,,4.84E+11,2850.957478,425948.5693
36,P,0, , ,10.029,FAIRFARM INC DIVISION, , , ,436906.8,,3.51E+11,3118.859182,426502.4846
37,P,0, , ,10.67,FAIRFARM INC DIVISION, , , ,464785.2,,3.51E+11,3205.393775,455376.3955
38,P,0, , ,1.159,HERNDON SUBDIVISION, ,1, ,50529.6,,3.13E+11,946.0611876,55924.44616
39,P,0, , ,12.079,FAIRFARM INC DIVISION, , , ,526204.8,,3.52E+11,3322.832325,475865.6748
40,P,0, , ,0.109,HERNDON SUBDIVISION, ,1, ,4791.6,,3.13E+11,372.3943573,7054.43388
41,P,0, , ,10.109,FAIRFARM INC DIVISION, , , ,440391.6,,3.51E+11,3127.775937,428328.6384
42,P,0, , ,11.3,FAIRFARM INC DIVISION, , , ,492228,,3.52E+11,3017.132028,489538.4373
43,P,0, , ,0.129,WESTGREEN, , , ,5662.8,,2.31E+11,316.9328807,5672.654167
44,P,0, , ,11.02,FAIRFARM INC DIVISION, , , ,480031.2,,3.51E+11,3091.946398,472800.4094
45,P,0, , ,10.09,FAIRFARM INC DIVISION, , , ,439520.4,,3.14E+11,2827.2364,432873.0839
46,P,0, , ,10.3,FAIRFARM INC DIVISION, , , ,448668,,3.52E+11,3110.982445,425386.1386
47,P,0, , ,10.01,FAIRFARM INC DIVISION, , , ,436035.6,,3.52E+11,3120.468872,426648.7234
48,P,0, , ,10.779,FAIRFARM INC DIVISION, , , ,469576.8,,3.52E+11,2741.013061,469064.1932
49,P,0, , ,10.1,FAIRFARM INC DIVISION, , , ,439956,,3.14E+11,2836.111967,478350.2248
50,P,0, , ,10.029,FAIRFARM INC DIVISION, , , ,436906.8,,3.52E+11,3191.160214,492759.6478
51,P,0, , ,10.01,FAIRFARM INC DIVISION, , , ,436035.6,,3.52E+11,3068.165682,429734.6516
52,P,0, , ,10.039,FAIRFARM INC DIVISION, , , ,437342.4,,3.52E+11,3065.63002,428937.6909
53,P,0, , ,4.61, , , , ,200811.6,,4.91E+11,1944.045044,194958.458
54,S,0, , ,0.629, , , , ,27442.8,,5.42E+11,1139.265153,24037.994
55,P,0, , ,1, , , , ,43560,,4.91E+11,1310.933018,44886.97382
56,P,0, , ,0.129,EXETER, ,5, ,5662.8,,1.87E+11,313.2270262,5656.000666
57,P,0, , ,0.18,EXETER, ,7, ,7840.8,,1.87E+11,407.4021494,8076.333007
58,P,0, , ,0.119,WESTGREEN, , , ,5227.2,,2.31E+11,305.4645577,5369.037185
59,P,0, , ,0.449,KEISTER SUBDIVISION, ,1, ,19602,,3.69E+11,589.0873828,20299.47067
60,P,0, , ,0.129,EXETER, ,7, ,5662.8,,1.87E+11,314.252763,5615.940572
61,P,0, , ,5.11, , , , ,222591.6,,5.10E+11,2053.166025,254279.7947
62,P,0, , ,0.239,EXETER, ,7, ,10454.4,,1.87E+11,418.9254523,10334.41606
63,P,0, , ,0.05,LAKEVIEW VILLAGE, , , ,2178,,3.33E+11,240.2343743,2002.35118
64,P,0, , ,0.05,LAKEVIEW VILLAGE, , , ,2178,,3.33E+11,240.3267762,2003.326478
65,P,0, , ,0.05,LAKEVIEW VILLAGE, , , ,2178,,3.33E+11,240.4142689,2004.013135
66,P,0, , ,0.05,LAKEVIEW VILLAGE, , , ,2178,,3.33E+11,240.5111505,2005.170261
67,P,0, , ,0.05,LAKEVIEW VILLAGE, , , ,2178,,3.33E+11,240.601203,2005.976577
68,P,0, , ,0.05,LAKEVIEW VILLAGE, , , ,2178,,3.33E+11,240.6959493,2007.018343
69,P,0, , ,0.05,LAKEVIEW VILLAGE, , , ,2178,,3.33E+11,240.6143291,2006.189614
70,P,0, , ,0.05,LAKEVIEW VILLAGE, , , ,2178,,3.33E+11,239.9059998,1999.026848
71,P,0, , ,0.119,CEDAR WALK, ,2, ,5227.2,,1.88E+11,302.9966,4880.515639
72,P,0, , ,0.05,LAKEVIEW VILLAGE, , , ,2178,,3.33E+11,240.6143291,2006.095217
73,P,0, , ,0.05,LAKEVIEW VILLAGE, , , ,2178,,3.33E+11,240.6190309,2006.236633
74,P,0, , ,0.05,LAKEVIEW VILLAGE, , , ,2178,,3.33E+11,240.6217214,2006.226561
75,P,0, , ,0.05,LAKEVIEW VILLAGE, , , ,2178,,3.33E+11,239.7188543,1997.206539
76,P,0, , ,0.129,EXETER, ,7, ,5662.8,,1.87E+11,312.591166,5616.512955
77,P,0, , ,0.05,LAKEVIEW VILLAGE, , , ,2178,,3.33E+11,240.6239024,2006.241557
78,P,0, , ,0.05,LAKEVIEW VILLAGE, , , ,2178,,3.33E+11,239.6550499,1996.517389
79,P,0, , ,0.05,LAKEVIEW VILLAGE, , , ,2178,,3.33E+11,240.6260836,2006.256553
80,P,0, , ,0.05,LAKEVIEW VILLAGE, , , ,2178,,3.33E+11,240.6286042,2006.288576
81,P,0, , ,0.103,TOWN OF LOVETTSVILLE, , , ,4486.68,,3.33E+11,384.6905401,4485.895135
82,P,0, , ,0.05,LAKEVIEW VILLAGE, , , ,2178,,3.33E+11,240.6403588,2006.449918
83,P,0, , ,0.14,TOWN OF LOVETTSVILLE, , , ,6098.4,,3.33E+11,406.2829845,6293.9888
84,P,0, , ,0.059,TOWN OF LOVETTSVILLE, , , ,2613.6,,3.33E+11,271.5864305,2850.439002
85,P,0, , ,0.05,LAKEVIEW VILLAGE, , , ,2178,,3.33E+11,240.0844521,2000.86589
86,P,0, , ,0.05,LAKEVIEW VILLAGE, , , ,2178,,3.33E+11,240.1394456,2001.375586
87,P,0, , ,0.029,TOWN OF LOVETTSVILLE, , , ,1306.8,,3.33E+11,162.5718357,1448.687508
88,P,0, , ,0.05,LAKEVIEW VILLAGE, , , ,2178,,3.33E+11,233.811879,2080.413612
89,P,0, , ,0.119,CEDAR WALK, ,2, ,5227.2,,1.88E+11,304.5716618,4989.726406
90,P,0, , ,0.05,LAKEVIEW VILLAGE, , , ,2178,,3.34E+11,240.0002696,1995.164664
91,P,0, , ,1.69,FARMINGTON ON THE GREEN, , , ,73616.4,1899/12/31 05:00:00+00,5.24E+11,1116.913049,72528.16864
92,P,0, , ,2.63,FARMINGTON ON THE GREEN, , , ,114562.8,1899/12/31 05:00:00+00,5.24E+11,1360.454155,113760.563
93,P,0, , ,0.05,LAKEVIEW VILLAGE, , , ,2178,,3.34E+11,240.0022043,2000.034578
94,P,0, , ,0.05,LAKEVIEW VILLAGE, , , ,2178,,3.34E+11,240.0022043,2000.034577
95,P,0, , ,1.59,FARMINGTON ON THE GREEN, , , ,69260.4,1899/12/31 05:00:00+00,5.24E+11,1047.346388,66850.12576
96,P,0, , ,0.05,LAKEVIEW VILLAGE, , , ,2178,,3.34E+11,240.0022043,2000.034578
97,P,0, , ,0.05,LAKEVIEW VILLAGE, , , ,2178,,3.34E+11,240.0022043,2000.034578
98,P,0, , ,0.09,TOWN OF LOVETTSVILLE, , , ,3920.4,,3.70E+11,259.2376387,3679.961011
99,P,0, , ,0.05,LAKEVIEW VILLAGE, , , ,2178,,3.34E+11,240.0075219,2000.274525
100,P,0, , ,3, , , , ,130680,,4.91E+11,1496.636147,130949.1088
101,P,0, , ,0.33,SHORT HILL CHASE, ,4, ,14374.8,,3.70E+11,539.0186877,15603.51768
102,P,0, , ,5.329, , , , ,232174.8,,4.91E+11,2526.280991,233715.9633
103,P,0, , ,1.47, , , , ,64033.2,,4.56E+11,1116.888413,64483.66925
104,P,0, , ,0.33,TAVISTOCK FARMS, ,5, ,14374.8,,1.90E+11,473.5118329,14678.54642
105,P,0, , ,0.6, , , , ,26136,,1.88E+11,663.1664464,25802.99043
106,P,0, , ,3.89, , , , ,169448.4,,4.91E+11,1702.551965,165473.384
107,P,0, , ,0.91,TOWN OF LOVETTSVILLE, , , ,39639.6,,3.70E+11,949.4938121,39526.41258
108,P,0, , ,0.18,MILHOVEN SUBDIVISION, , , ,7840.8,,3.70E+11,377.0992028,8002.368491
109,P,0, , ,0.119,CEDAR WALK, ,2, ,5227.2,,1.88E+11,303.1254786,4915.169454
110,P,0, , ,0.119,CEDAR WALK, ,2, ,5227.2,,1.88E+11,296.7694365,4607.08015
111,P,0, , ,0.25,TOWN OF LOVETTSVILLE, , , ,10890,,3.70E+11,460.7427862,9817.85501
112,P,0, ,1,0.654,PINE GROVE, , , ,28531.8,,3.70E+11,694.3726686,28559.57083
113,P,0, , ,0.009,TOWN OF LOVETTSVILLE, , , ,435.6,,3.70E+11,63.32026828,177.9115291
114,P,0, , ,0.14,TOWN OF LOVETTSVILLE, , , ,6098.4,,3.70E+11,334.3719308,5948.951712
115,P,0, ,2,0.412,PINE GROVE, , , ,17990.28,,3.70E+11,593.7793566,18010.26698
116,P,0, , ,0.509,TOWN OF LOVETTSVILLE, , , ,22215.6,,3.70E+11,438.8840687,8866.717376
117,P,0, , ,0.34,TAVISTOCK FARMS, ,6, ,14810.4,,1.90E+11,501.3182775,15040.75624
118,P,0, , ,0.189,MILHOVEN SUBDIVISION, , , ,8276.4,,3.70E+11,382.0725745,8310.436015
119,P,0, , ,0.439,TOWN OF LOVETTSVILLE, , , ,19166.4,,3.70E+11,618.4334188,19083.12366
120,P,0, , ,0.56,TOWN OF LOVETTSVILLE, , , ,24393.6,,3.70E+11,707.9598937,22865.34294
121,P,0, , ,6.599,GUM DIVISION OF LAND, , , ,287496,2007/01/03 05:00:00+00,1.81E+11,3267.508325,263492.234
122,P,0, , ,1,TOWN OF LOVETTSVILLE, , , ,43560,,3.70E+11,951.0459428,43559.01978
123,P,0, , ,9.829,GUM DIVISION OF LAND, , , ,428194.8,2007/01/03 05:00:00+00,1.81E+11,3375.882061,447363.8099
124,P,0, , ,23.299, , , , ,1014948,,5.43E+11,4022.95881,1080313.104
125,P,0, , ,11.199, , , , ,487872,,5.43E+11,4620.094857,483282.4083
126,P,0, , ,0.67,HUFFMAN DIVISION, , , ,29185.2,,3.70E+11,699.8526703,29411.97604
127,P,0, , ,0.28,REDBUD ACRES, ,1, ,12196.8,,3.70E+11,458.1471821,11968.56433
128,P,0, , ,0.8,REDBUD ACRES, ,1, ,34848,,3.70E+11,793.4162145,35116.41343
129,P,0, , ,6.9, , , , ,300564,,5.43E+11,2500.354854,328276.8819
130,P,0, , ,1.679, , , , ,73180.8,,4.06E+11,1101.308564,74298.22343
131,P,0, , ,29.409, , , , ,1281099.6,,4.08E+11,5345.77396,1277348.796
132,P,0, , ,0.72,TOWN OF LOVETTSVILLE, , , ,31363.2,,3.70E+11,714.5494248,29193.94989
133,P,0, , ,2.15,TOWN OF LOVETTSVILLE, , , ,93654,,3.70E+11,1349.308577,93669.83888
134,P,0, , ,18.76, , , , ,817185.6,,5.43E+11,3949.479796,819769.2669
135,P,0, , ,10, , , , ,435600,,5.45E+11,3034.013635,437979.011
136,P,0, , ,9.979, , , , ,434728.8,,5.43E+11,3219.512258,423702.0046
137,P,0, , ,1,REDBUD ACRES, ,1, ,43560,,3.70E+11,951.3528945,43834.77197
138,P,0, , ,0.23, , , , ,10018.8,,5.11E+11,413.704288,9860.806118
139,P,0, , ,1,REDBUD ACRES, ,1, ,43560,,3.70E+11,949.9255804,43745.56317
140,P,0, , ,1.059,REDBUD ACRES, ,2, ,46173.6,,3.70E+11,964.938515,46532.12756
141,P,0, , ,10, , , , ,435600,,5.43E+11,2920.689036,429008.476
142,P,0, , ,10.25, , , , ,446490,,5.43E+11,2719.019177,467169.1224
143,P,0, , ,18.76, , , , ,817185.6,,5.43E+11,4456.49612,838060.4125
144,P,0, , ,10.1, , , , ,439956,,5.43E+11,2896.432481,419725.5776
145,B,0, , ,1, , , , ,43560,,1.47E+11,3741.848326,39914.29009
146,B,0, , ,56.7, , , , ,2469852,,1.47E+11,6323.705681,2444943.111
147,P,0, , ,21.6, , , , ,940896,,5.44E+11,4813.623008,1034038.557
148,P,0, , ,10.05, , , , ,437778,,5.44E+11,3134.501947,389389.2016
149,P,0, , ,1, , , , ,43560,,3.71E+11,797.7137495,38301.86238
150,P,0, , ,0.15,EXETER, ,7, ,6534,,1.87E+11,331.7776137,6337.103508
151,P,0, , ,12.06,GUM DIVISION OF LAND, , , ,525333.6,2007/01/03 05:00:00+00,1.81E+11,3559.807887,530871.8974
152,P,0, , ,12.869,GUM DIVISION OF LAND, , , ,560617.2,2007/01/03 05:00:00+00,1.81E+11,3234.249428,531982.0131
153,P,0, , ,3.66,COOK DIVISION, , , ,159429.6,,2.72E+11,1662.524075,158428.8221
154,P,0, , ,10.38,COOK DIVISION, , , ,452152.8,,3.11E+11,2732.222956,439675.5734
155,P,0, , ,0.159,EXETER, ,7, ,6969.6,,1.87E+11,336.575006,7162.920302
156,P,0, , ,0.75, , , , ,32670,2007/01/03 05:00:00+00,1.41E+11,534.7114481,13037.21541
157,P,0, , ,3, , , , ,130680,2007/01/03 05:00:00+00,1.82E+11,1484.664859,137270.5032
158,P,0, , ,22.37,GUM DIVISION OF LAND, , , ,974437.2,2007/01/03 05:00:00+00,1.81E+11,4013.988585,973331.7882
159,P,0, , ,0.23,EXETER, ,7, ,10018.8,,1.87E+11,397.0854548,10247.63124
160,P,0, , ,0.219,EXETER, ,7, ,9583.2,,1.87E+11,598.5227776,10486.11919
161,P,0, , ,0.479,COUNTRYSIDE, ,1B, ,20908.8,,28187793000,627.3357432,21761.12802
162,P,0, , ,0.419,COUNTRYSIDE, ,1B, ,18295.2,,28186798000,571.4269659,18186.55911
163,P,0, , ,0.349,COUNTRYSIDE, ,1B, ,15246,,28183883000,528.12289,15753.28698
164,P,0, ,135A,0.268,OLD WATERFORD KNOLL, ,3, ,11674.08,,2.70E+11,518.1439608,12119.48696
165,P,0, , ,0.469,COUNTRYSIDE, ,1B, ,20473.2,,28188587000,612.9349646,20092.68369
166,P,0, , ,0.37,COUNTRYSIDE, ,1B, ,16117.2,,28186672000,530.8520694,16771.93063
167,P,0, , ,0.419,COUNTRYSIDE, ,1B, ,18295.2,,28188979000,569.4377151,17750.52021
168,P,0, , ,0.37,COUNTRYSIDE, ,1B, ,16117.2,,28184782000,541.0606024,16561.76297
169,P,0, , ,0.61, , , , ,26571.6,,2.98E+11,808.5241969,28037.53333
170,P,0, , ,3, , , , ,130680,,3.73E+11,1724.402465,141703.4042
171,P,0, , ,6.699,SHOEMAKER DIVISION OF LAND, , , ,291852,,3.73E+11,2213.700175,297777.1363
172,P,0, , ,10.008, , , , ,435992.04,,5.45E+11,2816.624126,409254.8957
173,P,0, , ,3.18, , , , ,138520.8,,3.73E+11,1517.293995,139084.8288
174,P,0, , ,1, , , , ,43560,,3.73E+11,849.6112854,41961.09435
175,P,0, , ,0.419,COUNTRYSIDE, ,1B, ,18295.2,,28189571000,566.1318812,17946.65255
176,P,0, , ,0.33,COUNTRYSIDE, ,1A, ,14374.8,,28185064000,472.6243745,13334.23531
177,P,0, , ,0.419,COUNTRYSIDE, ,1B, ,18295.2,,28190164000,568.985948,18168.72807
178,P,0, , ,0.349,COUNTRYSIDE, ,1B, ,15246,,28187064000,518.7940089,15372.47885
179,P,0, , ,10,HIGHLAND WOODS, , , ,435600,,5.45E+11,2819.189396,406214.2453
180,P,0, , ,2.289,BOLINGTON ESTATES, ,6, ,99752.4,,3.72E+11,1379.107414,108575.4858
181,P,0, , ,10.329,HIGHLAND WOODS, , , ,449974.8,,5.45E+11,3001.027723,426550.3355
182,P,0, , ,6,SHOEMAKER DIVISION OF LAND, , , ,261360,,3.72E+11,2221.64589,262366.3769
183,P,0, , ,6, , , , ,261360,,5.30E+11,2440.162816,265764.5782
184,P,0, , ,0.43,TOWN OF ROUND HILL, , , ,18730.8,,5.84E+11,578.5887729,17590.92465
185,P,0, , ,1, , , , ,43560,,5.30E+11,860.9140376,43005.96874
186,P,0, , ,0.43,HERSPERGER DIVISION, , , ,18730.8,,5.84E+11,584.2571534,18782.03533
187,P,0, , ,0.17,TOWN OF ROUND HILL, , , ,7405.2,,5.84E+11,426.2933795,8160.505358
188,P,0, , ,0.49,TOWN OF ROUND HILL, , , ,21344.4,,5.84E+11,643.898356,21703.53455
189,P,0, , ,5.039, , , , ,219542.4,,5.30E+11,2143.212407,217026.742
190,P,0, , ,0.349,COUNTRYSIDE, ,1A, ,15246,,28184067000,486.7165712,14430.53266
191,P,0, , ,0.23,TOWN OF ROUND HILL, , , ,10018.8,,5.84E+11,524.2694207,11043.35044
192,P,0, , ,0.259,TOWN OF ROUND HILL, , , ,11325.6,,5.84E+11,465.7511655,12226.72681
193,P,0, , ,0.27,TOWN OF ROUND HILL, , , ,11761.2,,5.84E+11,546.6612937,12041.00201
194,P,0, , ,3.19, , , , ,138956.4,2006/08/22 04:00:00+00,4.63E+11,1603.013839,139047.5011
195,P,0, , ,4,SHOEMAKER DIVISION OF LAND, , , ,174240,,3.73E+11,1697.323364,177665.2616
196,P,0, , ,3,SMITH DIVISION, , , ,130680,,3.73E+11,1671.266288,124967.6084
197,P,0, , ,3.75,SMITH DIVISION, , , ,163350,,3.73E+11,1820.017836,172823.1436
198,P,0, , ,6,SHOEMAKER DIVISION OF LAND, , , ,261360,,3.73E+11,2124.440333,259793.4368
199,P,0, , ,3.66,SHOEMAKER DIVISION OF LAND, , , ,159429.6,,3.73E+11,1613.727932,152613.3768
200,P,0, , ,3,CARTER FARM ESTATES, , , ,130680,,1.77E+11,1479.407569,131261.7552
201,P,0, , ,3.299,SHOEMAKER DIVISION OF LAND, , , ,143748,,3.73E+11,1680.510317,142964.6898
202,P,0, , ,3,CARTER FARM ESTATES, , , ,130680,,1.77E+11,1579.526785,131653.7321
203,B,0, , ,42.639,KOEPENICK DIVISION, , , ,1857398.4,,73204545000,5589.30822,1852745.073
204,P,0, , ,3.38,CARTER FARM ESTATES, , , ,147232.8,,1.77E+11,1526.477559,146617.8487
205,P,0, , ,1.559,STERLING PARK IP, ,4, ,67953.6,,33275579000,1001.954338,60628.34211
206,P,0, , ,0.36,COUNTRYSIDE, ,1B, ,15681.6,,28187657000,523.2372722,15197.5113
207,P,0, , ,5.67, , , , ,246985.2,,4.44E+11,2041.922258,247826.6249
208,P,0, , ,0.469,COUNTRYSIDE, ,1B, ,20473.2,,28190857000,583.8537525,19088.81776
209,P,0, , ,0.349,COUNTRYSIDE, ,1A, ,15246,,28185756000,525.0723082,14667.26682
210,P,0, , ,0.479,COUNTRYSIDE, ,1B, ,20908.8,,28191752000,588.8302943,19305.12882
211,P,0, , ,10.06,ROZIER SUBDIVISION, , , ,438213.6,,4.64E+11,2811.18282,450374.5486
212,P,0, , ,10.359,ROZIER SUBDIVISION, , , ,451281.6,,4.65E+11,2916.179785,451265.1179
213,P,0, , ,3.49,ROZIER SUBDIVISION, , , ,152024.4,,4.65E+11,1551.093657,149308.6867
214,P,0, , ,0.15,COUNTRYSIDE, ,1B, ,6534,,28192147000,462.9878947,6856.679466
215,P,0, , ,4.019,ROZIER SUBDIVISION, , , ,175111.2,,4.64E+11,1711.695247,175068.1254
216,P,0, , ,0.379,COUNTRYSIDE, ,1B, ,16552.8,,28188351000,531.7398771,16069.0801
217,P,0, , ,24.889,ROZIER SUBDIVISION, , , ,1084208.4,,4.65E+11,5088.257329,1118623.999
218,P,0, , ,0.159,EXETER, ,7, ,6969.6,,1.87E+11,348.7230078,6988.911327
219,P,0, , ,0.439,COUNTRYSIDE, ,1A, ,19166.4,,28183150000,547.0379786,17654.73259
220,P,0, , ,4.929,ROZIER SUBDIVISION, , , ,214750.8,,4.65E+11,2293.177588,202060.9514
221,P,0, , ,0.46,COUNTRYSIDE, ,1B, ,20037.6,,28192843000,586.5376699,19278.70587
222,P,0, , ,0.349,COUNTRYSIDE, ,1B, ,15246,,28188944000,511.897767,15048.95792
223,P,0, , ,0.389,COUNTRYSIDE, ,1A, ,16988.4,,28183944000,549.3050219,16082.50085
224,P,0, , ,0.439,COUNTRYSIDE, ,1A, ,19166.4,,28183234000,618.660451,18864.01724
225,P,0, , ,14.46, , , , ,629877.6,,5.80E+11,3813.081855,595337.1657
226,P,0, , ,0.349,COUNTRYSIDE, ,1B, ,15246,,28189738000,520.9754389,16001.66042
227,P,0, , ,0.46,COUNTRYSIDE, ,1A, ,20037.6,,28186838000,578.9203311,20789.55667
228,P,0, , ,10,MOLER DIVISION, , , ,435600,,4.10E+11,2715.761958,447563.7331
229,P,0, , ,0.449,COUNTRYSIDE, ,1A, ,19602,,28186045000,574.9001454,19966.33099
230,P,0, , ,0.379,COUNTRYSIDE, ,1B, ,16552.8,,28190532000,514.3985,15630.32099
231,P,0, , ,0.379,COUNTRYSIDE, ,1A, ,16552.8,,28188130000,528.8973036,15158.31927
232,P,0, , ,0.49,COUNTRYSIDE, ,1B, ,21344.4,,28193335000,581.7693392,19250.76989
233,P,0, , ,20, , , , ,871200,,4.65E+11,4054.037597,871792.5431
234,P,0, , ,17, , , , ,740520,,4.65E+11,3607.534892,738283.36
235,P,0, , ,0.419,COUNTRYSIDE, ,1A, ,18295.2,,28184219000,574.3384929,19328.50927
236,P,0, , ,0.46,COUNTRYSIDE, ,1B, ,20037.6,,28193625000,580.3098709,19015.79963
237,P,0, , ,0.34,COUNTRYSIDE, ,1B, ,14810.4,,28191226000,506.0052401,15283.48667
238,P,0, , ,10.22,GLASGOW INVESTMENT LTD, , , ,445183.2,,4.10E+11,2601.862861,422859.5051
239,P,0, , ,0.589, , , , ,25700.4,,4.65E+11,889.7851881,25992.32067
240,P,0, , ,0.419,COUNTRYSIDE, ,1A, ,18295.2,,28185727000,553.6360345,17394.59916
241,P,0, , ,0.46,COUNTRYSIDE, ,1A, ,20037.6,,28185816000,608.3076963,20921.86552
242,P,0, , ,0.349,COUNTRYSIDE, ,1A, ,15246,,28188524000,514.0160581,14510.045
243,P,0, , ,0.33,COUNTRYSIDE, ,1A, ,14374.8,,28187303000,510.562144,14024.78111
244,P,0, , ,10.159,GLASGOW INVESTMENT LTD, , , ,442569.6,,4.10E+11,2797.390322,433833.0909
245,P,0, , ,0.439,COUNTRYSIDE, ,1A, ,19166.4,,28184110000,582.055629,18701.8949
246,P,0, , ,0.389,COUNTRYSIDE, ,1A, ,16988.4,,28189304000,498.0637003,15313.37368
247,P,0, , ,0.36,COUNTRYSIDE, ,1A, ,15681.6,,28190209000,528.2179791,15906.8887
248,P,0, , ,0.379,COUNTRYSIDE, ,1A, ,16552.8,,28186811000,566.9979832,17990.23682
249,P,0, , ,0.49,COUNTRYSIDE, ,1B, ,21344.4,,28193813000,592.7662925,19317.26323
250,P,0, , ,0.37,COUNTRYSIDE, ,1B, ,16117.2,,28191514000,503.7179492,15339.38458
251,P,0, , ,0.37,COUNTRYSIDE, ,1A, ,16117.2,,29484294000,539.7600487,16288.76833
252,P,0, , ,0.4,COUNTRYSIDE, ,1A, ,17424,,29485293000,567.693175,17618.6175
253,P,0, , ,0.62,COUNTRYSIDE, ,1A, ,27007.2,,28193905000,643.036285,25629.52255
254,P,0, , ,0.389,COUNTRYSIDE, ,1A, ,16988.4,,28191506000,522.8879788,17472.22675
255,P,0, , ,0.4,COUNTRYSIDE, ,1A, ,17424,,28183203000,523.9519895,17339.02718
256,P,0, , ,0.349,COUNTRYSIDE, ,1A, ,15246,,29489384000,495.3859963,14276.06052
257,P,0, , ,0.639,COUNTRYSIDE, ,1A, ,27878.4,,29493583000,677.1607946,27064.78026
258,P,0, , ,0.37,COUNTRYSIDE, ,1A, ,16117.2,,29491486000,501.6045512,16087.81813
259,P,0, , ,0.37,COUNTRYSIDE, ,1A, ,16117.2,,29490386000,508.1447956,15838.57833
260,P,0, , ,0.409,COUNTRYSIDE, ,1A, ,17859.6,,29487694000,545.2132362,19011.18625
261,P,0, , ,0.43,COUNTRYSIDE, ,1A, ,18730.8,,29486393000,543.8906372,16599.03584
262,P,0, , ,0.449,COUNTRYSIDE, ,1A, ,19602,,29490273000,593.437216,19466.52468
263,P,0, , ,24.29, , , , ,1058072.4,2006/08/10 04:00:00+00,1.42E+11,4605.14793,1044260.681
264,P,0, , ,0.879,COUNTRYSIDE, ,1A, ,38332.8,,29484664000,940.8690633,39333.2163
265,P,0, , ,0.509,COUNTRYSIDE, ,1A, ,22215.6,,29493273000,637.9270032,22180.55792
266,P,0, , ,0.439,COUNTRYSIDE, ,1A, ,19166.4,,29487771000,613.827878,19189.38375
267,P,0, , ,0.75,COUNTRYSIDE, ,1A, ,32670,,29483669000,842.6104812,32589.09401
268,P,0, , ,0.66,COUNTRYSIDE, ,1A, ,28749.6,,29488874000,791.8009757,29359.55854
269,P,0, , ,4.32, , , , ,188179.2,,29489240000,1761.992176,190338.8449
270,P,0, , ,0.73,COUNTRYSIDE, ,1A, ,31798.8,,29491855000,742.7624619,32441.11333
271,P,0, , ,1.5, , , , ,65340,,4.10E+11,1134.389466,46823.04737
272,P,0, , ,1.039,COUNTRYSIDE, ,1A, ,45302.4,,29485660000,1039.815551,46029.08401
273,P,0, , ,0.769,COUNTRYSIDE, ,1A, ,33541.2,,29486762000,914.2934402,33048.22943
274,P,0, , ,9, , , , ,392040,,5.30E+11,3442.548909,392282.9345
275,P,0, , ,0.4,COUNTRYSIDE, ,1A, ,17424,,29491626000,858.4851624,15499.0905
276,P,0, , ,1.029, , , , ,44866.8,,5.03E+11,1015.820649,43092.84443
277,P,0, , ,9.279,LAKE MARIAN ESTATES, , , ,404236.8,,4.46E+11,2897.039862,405335.5985
278,P,0, , ,5.28,LAKE MARIAN ESTATES, , , ,229996.8,,4.46E+11,1982.782183,230550.1759
279,P,0, , ,4.26, , , , ,185565.6,,1.97E+11,2788.644482,188790.2477
280,P,0, , ,12.359,KELLER DIVISION, , , ,538401.6,,6.52E+11,2999.810305,497174.8257
281,P,0, , ,3.269,LAKE MARIAN ESTATES, , , ,142441.2,,4.46E+11,1472.084299,141748.5933
282,P,0, , ,5,FRAZER HILL FARMETTE, , , ,217800,,6.52E+11,2259.621553,226389.0675
283,P,0, , ,76.58, , , , ,3335824.8,,3.19E+11,9268.316377,3356216.408
284,P,0, , ,8.909,HUTCHINSON DIVISION, , , ,388119.6,,3.26E+11,2725.923882,385865.0414
285,P,0, , ,5,FRAZER HILL FARMETTE, , , ,217800,,6.52E+11,1880.920681,210388.4785
286,P,0, , ,2.18, , , , ,94960.8,,3.19E+11,1431.052236,93151.00912
287,P,0, , ,26.489, , , , ,1153904.4,,3.19E+11,5364.619175,1174230.134
288,P,0, , ,33.819,HUTCHINSON DIVISION, , , ,1473199.2,,3.26E+11,5846.557048,1461311.284
289,P,0, , ,27,HUTCHINSON DIVISION, , , ,1176120,,3.26E+11,4531.0615,1169372.413
290,P,0, , ,10, , , , ,435600,,5.48E+11,4571.262731,443063.0711
291,P,0, , ,6.989,HUTCHINSON DIVISION, , , ,304484.4,,3.26E+11,2448.523171,301504.8644
292,B,0, , ,27.129,HUTCHINSON DIVISION, , , ,1181782.8,,3.27E+11,5224.755831,1158021.839
293,S,0, , ,32.359, , , , ,1470411.36,,5.78E+11,8006.056562,1409540.48
294,P,0, , ,5,FRAZER HILL FARMETTE, , , ,217800,,6.52E+11,2228.107694,216240.5325
295,P,0, , ,5.23, , , , ,227818.8,,5.78E+11,2238.965542,232584.3087
296,P,0, , ,5.23, , , , ,227818.8,,5.78E+11,2146.876626,230184.4163
297,P,0, , ,1.08,REDBUD ACRES, ,1, ,47044.8,,3.70E+11,977.2641139,48697.53172
298,P,0, , ,0.93,TOWN OF LOVETTSVILLE, , , ,40510.8,,3.70E+11,890.4163323,43638.15203
299,P,0, , ,1.029,REDBUD ACRES, ,1, ,44866.8,,3.70E+11,941.4555801,45317.0407
300,P,0, , ,0.28,HUFFMAN DIVISION, , , ,12196.8,,3.70E+11,458.244956,12466.80433
301,P,0, , ,0.05,TOWN OF LOVETTSVILLE, , , ,2178,,3.70E+11,1053.073491,19936.65594
302,P,0, , ,5.211, , , , ,227034.72,,5.78E+11,2134.101674,226397.8263
303,P,0, , ,0.6,TOWN OF LOVETTSVILLE, , , ,26136,,3.70E+11,1379.357506,23566.21493
304,P,0, , ,10.479,TOWN OF LOVETTSVILLE, , , ,456508.8,,3.70E+11,3556.779349,453515.8803
305,P,0, , ,1.039,REDBUD ACRES, ,1, ,45302.4,,3.70E+11,945.4437959,45688.05282
306,P,0, , ,15.17,KELLER DIVISION, , , ,660805.2,,6.65E+11,3367.310347,665949.2393
307,P,0, , ,0.839,TOWN OF LOVETTSVILLE, , , ,36590.4,,3.70E+11,843.3926462,36387.44395
308,P,0, , ,1.049,REDBUD ACRES, ,1, ,45738,,3.70E+11,956.5361525,45809.70678
309,P,0, , ,4.679, , , , ,203860.8,,3.71E+11,1957.466619,198540.5264
310,P,0, , ,10, , , , ,435600,,5.27E+11,3417.414729,448506.0182
311,P,0, , ,1.62, , , , ,70567.2,,1.78E+11,1110.570127,69859.57226
312,P,0, , ,0.46, , , , ,20037.6,,3.71E+11,559.7071711,18816.68955
313,P,0, , ,0.72, , , , ,31363.2,,3.71E+11,711.0367255,31248.34455
314,B,0, , ,1.019, , , , ,44431.2,,76292623000,823.3031523,42128.17655
315,P,0, , ,5, , , , ,217800,,2.97E+11,2617.17742,231104.7462
316,P,0, , ,6,SOUTHVIEW, ,1, ,261360,,3.52E+11,2122.823693,261194.0923
317,P,0, , ,13.75,WILLIAMS DIVISION, , , ,598950,,2.98E+11,3656.167017,669314.0434
318,P,0, , ,10.02,FAIRFARM INC DIVISION, , , ,436471.2,,3.52E+11,2756.341704,437983.5549
319,P,0, , ,3.47, , , , ,151153.2,,3.13E+11,1716.621442,154762.6297
320,P,0, , ,57.979, , , , ,2525608.8,,6.04E+11,7345.387815,2639257.499
321,P,0, , ,8.569, , , , ,373309.2,,3.13E+11,2376.997916,345652.6219
322,P,0, , ,10.18,FAIRFARM INC DIVISION, , , ,443440.8,,3.14E+11,3942.790869,455542.6529
323,P,0, , ,1.049,HERNDON SUBDIVISION, ,2, ,45738,,3.13E+11,1178.490055,45837.37708
324,P,0, , ,1.049,HERNDON SUBDIVISION, ,2, ,45738,,3.13E+11,1186.612839,48695.10178
325,P,0, , ,3, , , , ,130680,,4.48E+11,1521.877848,131052.6914
326,P,0, , ,50.74,COMPHER & JOHNSON, , , ,2210234.4,,6.04E+11,6186.216199,2243035.229
327,P,0, , ,1.059,HERNDON SUBDIVISION, ,2, ,46173.6,,3.13E+11,1100.998347,48137.73198
328,P,0, , ,1.039,HERNDON SUBDIVISION, ,2, ,45302.4,,3.13E+11,1170.782306,50156.01993
329,P,0, , ,30.27, , , , ,1318561.2,,5.50E+11,5214.260324,1257102.165
330,P,0, , ,4.079, , , , ,177724.8,,5.79E+11,2443.818649,174936.3911
331,P,0, , ,10.14,FAIRFARM INC DIVISION, , , ,441698.4,,3.14E+11,2835.272004,448764.5166
332,P,0, , ,0.09, , , , ,3920.4,,5.50E+11,261.9281347,4058.004337
333,P,0, , ,32.02,POSTON PLAT, , , ,1394791.2,,3.48E+11,6127.338189,1326511.254
334,P,0, , ,10.21,FAIRFARM INC DIVISION, , , ,444747.6,,3.14E+11,2709.397569,442881.0739
335,P,0, , ,2, , , , ,87120,,2.75E+11,1212.720579,86441.69547
336,P,0, , ,13.05,FAIRFARM INC DIVISION, , , ,568458,,3.14E+11,3085.484446,569042.551
337,P,0, , ,10.279,FAIRFARM INC DIVISION, , , ,447796.8,,3.14E+11,2689.934114,428133.7277
338,P,0, , ,10.67,FAIRFARM INC DIVISION, , , ,464785.2,,3.14E+11,2824.653341,481648.0047
339,P,0, , ,10.229,FAIRFARM INC DIVISION, , , ,445618.8,,3.14E+11,2497.190692,353487.1934
340,P,0, , ,10.039, , , , ,437342.4,,5.79E+11,2605.704041,457435.9447
341,P,0, , ,20, , , , ,871200,,6.05E+11,5678.113908,887835.9172
342,P,0, , ,13, , , , ,566280,,5.50E+11,2975.105843,569884.9085
343,P,0, , ,10.489,FAIRFARM INC DIVISION, , , ,456944.4,,3.14E+11,2917.460741,507786.2547
344,P,0, , ,10.06,LANDOLT DIVISION, , , ,438213.6,,3.48E+11,3118.962182,433120.5958
345,P,0, , ,50.74,COMPHER & JOHNSON, , , ,2210234.4,,6.04E+11,5973.542045,2186409.014
346,P,0, , ,0.27,TOWN OF WATERFORD, , , ,11761.2,,3.03E+11,443.6907948,11997.72624
347,P,0, , ,0.889, , , , ,38768.4,,5.79E+11,949.1452657,35561.0419
348,P,0, , ,0.029,TOWN OF WATERFORD, , , ,1306.8,,3.03E+11,202.9146517,1165.572147
349,P,0, , ,1.549, , , , ,67518,,1.78E+11,1098.468312,66241.44473
350,P,0, , ,0.059, , , , ,2613.6,,1.85E+11,371.1509974,2548.428349
351,P,0, , ,10, , , , ,435600,,5.50E+11,2784.852245,439432.3627
352,P,0, , ,3, , , , ,130680,,3.48E+11,1474.351304,130991.5999
353,P,0, , ,10,FAIRFARM INC DIVISION, , , ,435600,,3.52E+11,2779.744847,437014.292
354,P,0, , ,2.369, , , , ,103237.2,,4.14E+11,1663.411044,108163.6043
355,P,0, , ,12, , , , ,522720,,5.51E+11,3217.561073,507561.1039
356,P,0, , ,6,CAMPBELL DIVISION, , , ,261360,,4.14E+11,2071.784581,265405.8719
357,P,0, , ,4,CAMPBELL DIVISION, , , ,174240,,4.14E+11,1686.5001,175660.6236
358,P,0, , ,16.304, , , , ,710202.24,,6.05E+11,3373.431181,705267.4814
359,P,0, , ,0.28,TOWN OF WATERFORD, , , ,12196.8,,3.04E+11,498.2730898,12747.30492
360,P,0, , ,0.25,TOWN OF WATERFORD, , , ,10890,,3.04E+11,482.9782448,11744.37264
361,P,0, , ,16.579, , , , ,722224.8,,5.80E+11,6060.798967,719068.6304
362,P,0, , ,3.299, , , , ,143748,,4.14E+11,3159.173624,151227.7021
363,P,0, , ,0.239,TOWN OF WATERFORD, , , ,10454.4,,3.04E+11,426.4237163,11751.66273
364,P,0, , ,0.079,TOWN OF WATERFORD, , , ,3484.8,,3.04E+11,244.9367967,3548.625624
365,P,0, , ,0.5,TOWN OF WATERFORD, , , ,21780,,3.04E+11,622.3076318,22334.13741
366,P,0, , ,10.159, , , , ,442569.6,,4.14E+11,2885.757254,452134.5786
367,P,0, , ,0.479,TOWN OF WATERFORD, , , ,20908.8,,3.04E+11,595.5693301,21783.40187
368,P,0, , ,2.089,FARMINGTON ON THE GREEN, , , ,91040.4,,5.24E+11,1220.394945,90670.10001
369,P,0, , ,0.3,EXETER, ,9, ,13068,,2.30E+11,458.7612998,13243.22787
370,P,0, , ,0.189,TOWN OF PURCELLVILLE, , , ,8276.4,,4.88E+11,353.013237,7786.026088
371,P,0, , ,0.239,PAXTON, ,1, ,10454.4,,2.30E+11,411.7290531,10600.46004
372,P,0, , ,17.371, , , , ,756680.76,,6.05E+11,3492.530498,761120.6953
373,P,0, , ,0.079,EXETER, ,5, ,3484.8,,1.87E+11,271.7716104,3465.654904
374,P,0, , ,50.74, , , , ,2210234.4,,5.80E+11,6134.177658,2176012.414
375,P,0, , ,10.869, , , , ,473497.2,,5.80E+11,3287.64327,460349.8323
376,P,0, , ,10.869, , , , ,473497.2,,5.80E+11,3345.708566,464172.3695
377,P,0, ,42A1,3.648, , , , ,158950.44,,45402669000,1850.575811,159929.9241
378,P,0, , ,3.609,FARMINGTON ON THE GREEN, , , ,157251.6,,5.24E+11,1632.434104,158148.9069
379,P,0, , ,3, , , , ,130680,,3.48E+11,1418.312918,118985.152
380,P,0, , ,13.02, , , , ,567151.2,,5.24E+11,3446.789316,562515.7673
381,P,0, , ,1.649,FARMINGTON ON THE GREEN, , , ,71874,,5.24E+11,1192.400517,71166.18956
382,P,0, , ,1.71,FARMINGTON ON THE GREEN, , , ,74487.6,,5.24E+11,1171.818178,73542.45932
383,P,0, , ,2.16,FARMINGTON ON THE GREEN, , , ,94089.6,,5.24E+11,1233.431673,94670.38484
384,P,0, , ,1.549,FARMINGTON ON THE GREEN, , , ,67518,,5.24E+11,1075.295139,66257.20299
385,P,0, , ,2.759,FARMINGTON ON THE GREEN, , , ,120225.6,,5.24E+11,1528.449876,118984.3293
386,P,0, , ,1.549,FARMINGTON ON THE GREEN, , , ,67518,,5.24E+11,1101.452425,66335.48407
387,P,0, , ,1.84,FARMINGTON ON THE GREEN, , , ,80150.4,,5.24E+11,1119.722444,78205.02512
388,P,0, , ,7.659,FARMINGTON ON THE GREEN, , , ,333669.6,,5.24E+11,3518.262574,334114.0695
389,P,0, , ,4.03,FARMINGTON ON THE GREEN, , , ,175546.8,,5.24E+11,1874.557345,176565.6546
390,P,0, , ,3, , , , ,130680,,3.48E+11,1546.504423,133062.2637
391,P,0, , ,1.73,FARMINGTON ON THE GREEN, , , ,75358.8,,5.24E+11,1129.616091,75070.35896
392,P,0, , ,0.349,HOOPES SUBDIVISION, , ,A,15246,2007/01/08 05:00:00+00,4.88E+11,526.9159096,15443.05892
393,P,0, , ,4.17,FARMINGTON ON THE GREEN, , , ,181645.2,,5.24E+11,1761.786421,178517.0072
394,P,0, , ,0.5, , , , ,21780,,4.55E+11,649.5919533,24700.99295
395,P,0, , ,0.54,TOWN OF LINCOLN, , , ,23522.4,,4.55E+11,677.6682516,21800.30681
396,P,0, , ,0.62,TOWN OF LINCOLN, , , ,27007.2,,4.55E+11,693.8762226,26519.03698
397,P,0, , ,2.339,FARMINGTON ON THE GREEN, , , ,101930.4,,5.24E+11,1819.4348,101707.5528
398,P,0, , ,2.599,FARMINGTON ON THE GREEN, , , ,113256,,5.24E+11,1343.13217,112523.8704
399,P,0, , ,3.25,TOWN OF LINCOLN, , , ,141570,,4.55E+11,1973.190167,140516.9352
400,P,0, , ,0.209,TOWN OF LINCOLN, , , ,9147.6,,4.55E+11,466.5310592,9295.59652
401,P,0, , ,0.27,TOWN OF ROUND HILL, , , ,11761.2,1899/12/31 05:00:00+00,5.84E+11,431.1348441,10959.55954
402,P,0, , ,1.559,FARMINGTON ON THE GREEN, , , ,67953.6,,5.24E+11,1092.224206,69075.01307
403,P,0, , ,2.089,FARMINGTON ON THE GREEN, , , ,91040.4,,5.24E+11,1206.525681,89666.89427
404,P,0, , ,0.5,TOWN OF LINCOLN, , , ,21780,,4.55E+11,533.627257,16681.31451
405,P,0, , ,0.209,EXETER, ,5, ,9147.6,,1.87E+11,400.8867287,9015.654851
406,P,0, , ,0.189,EXETER, ,3, ,8276.4,,1.87E+11,371.5653705,8409.7027
407,P,0, , ,2.329,FARMINGTON ON THE GREEN, , , ,101494.8,,5.24E+11,1437.061208,100744.2988
408,P,0, , ,0.209,EXETER, ,3, ,9147.6,,2.30E+11,390.1471326,9264.835898
409,P,0, , ,4.65, , , , ,202554,,1.87E+11,1930.621927,202487.1066
410,P,0, , ,0.28,EXETER, ,3, ,12196.8,,1.87E+11,450.5794442,12378.10144
411,P,0, , ,0.219,EXETER, ,5, ,9583.2,,1.87E+11,387.3111351,9636.997548
412,P,0, , ,0.189,EXETER, ,3, ,8276.4,,1.87E+11,368.2689436,8381.453873
413,P,0, , ,0.259,EXETER, ,3, ,11325.6,,2.30E+11,427.0170255,11415.41207
414,P,0, , ,0.159,EXETER, ,5, ,6969.6,,1.87E+11,338.804872,6811.676447
415,P,0, , ,0.159,EXETER, ,5, ,6969.6,,1.87E+11,326.6569293,6920.386158
416,P,0, , ,0.209,EXETER, ,3, ,9147.6,,1.87E+11,409.9411404,9206.392817
417,P,0, , ,0.23,EXETER, ,5, ,10018.8,,1.87E+11,426.1845126,10214.70976
418,P,0, , ,0.289,EXETER, ,3, ,12632.4,,1.87E+11,457.9467513,12653.76376
419,P,0, , ,0.409,HERSPERGER DIVISION, , , ,17859.6,,5.84E+11,650.7205581,19257.66576
420,P,0, , ,0.18,EXETER, ,5, ,7840.8,,1.87E+11,354.0008156,8076.429765
421,P,0, , ,1.37,EXETER, ,3, ,59677.2,,1.87E+11,2131.213464,59614.22834
422,P,0, , ,0.159,EXETER, ,5, ,6969.6,,1.87E+11,362.3404911,7018.088805
423,P,0, , ,0.17,EXETER, ,5, ,7405.2,,1.87E+11,357.069146,7321.566939
424,P,0, , ,0.159,EXETER, ,5, ,6969.6,,1.87E+11,347.9532447,7026.597517
425,P,0, , ,0.17,EXETER, ,5, ,7405.2,,1.87E+11,363.3299263,7321.133006
426,P,0, , ,5.09,FRAZER DIVISION, , , ,221720.4,,4.16E+11,1888.530429,221855.8115
427,P,0, , ,3.38,EXETER, ,9, ,147232.8,,2.30E+11,3943.413622,149787.3527
428,P,0, , ,0.159,EXETER, ,5, ,6969.6,,1.87E+11,338.0346331,6763.688488
429,P,0, , ,2.23,FARMINGTON ON THE GREEN, , , ,97138.8,1899/12/31 05:00:00+00,5.24E+11,1383.434274,96449.77453
430,P,0, , ,0.17,EXETER, ,5, ,7405.2,,1.87E+11,354.3351515,7547.382075
431,P,0, , ,0.159,EXETER, ,5, ,6969.6,,1.87E+11,340.3468702,6931.675773
432,P,0, , ,0.18,EXETER, ,5, ,7840.8,,1.87E+11,346.2491664,7858.989819
433,P,0, , ,2.5, , , , ,108900,,6.08E+11,2070.617091,108934.3733
434,P,0, , ,0.509, , , , ,22215.6,,6.08E+11,607.9682365,22152.29008
435,P,0, , ,0.17,EXETER, ,5, ,7405.2,,1.87E+11,350.8892002,7310.892469
436,P,0, , ,0.14,TOWN OF PURCELLVILLE, , ,2,6098.4,,4.88E+11,341.2281454,6265.308115
437,P,0, , ,12.84, , , , ,559310.4,,6.08E+11,3143.746915,567622.6088
438,P,0, , ,35.88, , , , ,1562932.8,,6.70E+11,5915.495142,1579422.504
439,P,0, , ,10, , , , ,435600,,5.03E+11,3498.143155,433471.0252
440,P,0, , ,37.939, , , , ,1652666.4,,5.03E+11,5103.016088,1636182.015
441,P,0, , ,0.159,EXETER, ,5, ,6969.6,,1.87E+11,340.490068,6919.585908
442,P,0, , ,4.469,IVANDALE FLORAL COMPANY, , , ,194713.2,,4.17E+11,1893.215449,217657.2372
443,P,0, , ,0.18,EXETER, ,7, ,7840.8,,1.87E+11,385.5438675,7988.301189
444,P,0, , ,0.14,EXETER, ,7, ,6098.4,,1.87E+11,328.8341269,6128.884885
445,P,0, , ,5.389, , , , ,234788.4,,6.29E+11,2286.289229,233449.2747
446,P,0, , ,0.15,EXETER, ,5, ,6534,,1.87E+11,331.8161235,6609.424737
447,P,0, , ,0.159,EXETER, ,7, ,6969.6,,1.87E+11,352.9066723,7062.254421
448,P,0, , ,4.079,EXETER, ,9, ,177724.8,,2.30E+11,8559.092613,178158.0832
449,P,0, , ,0.14,EXETER, ,7, ,6098.4,,1.87E+11,330.4693341,6255.118872
450,P,0, , ,0.159,EXETER, ,5, ,6969.6,,1.87E+11,348.5989424,7138.613597
451,P,0, , ,0.159,EXETER, ,5, ,6969.6,,1.87E+11,359.6879974,7089.097764
452,P,0, , ,0.14,EXETER, ,5, ,6098.4,,1.87E+11,321.6891613,5980.125834
453,P,0, , ,0.2,EXETER, ,5, ,8712,,1.87E+11,398.1925465,8768.748143
454,P,0, , ,0.209,TAVISTOCK FARMS, ,5, ,9147.6,,1.90E+11,386.3964651,9129.507819
455,P,0, , ,0.289,PROSPECT HILLS, ,1B, ,12632.4,,2.31E+11,451.1995526,12800.0176
456,P,0, , ,0.239,PROSPECT HILLS, ,2A, ,10454.4,,2.31E+11,432.1521915,10577.99333
457,P,0, , ,0.25,PROSPECT HILLS, ,1B, ,10890,,2.31E+11,410.3365736,10691.89948
458,P,0, , ,0.289,PROSPECT HILLS, ,1D,A,12632.4,,2.31E+11,555.3205203,17591.16447
459,P,0, , ,0.2,PROSPECT HILLS, ,2A, ,8712,,2.31E+11,400.0152908,9959.945054
460,P,0, , ,0.36,PROSPECT HILLS, ,1D,A,15681.6,,2.31E+11,529.6616456,15758.61
461,P,0, , ,0.31,PROSPECT HILLS, ,3A, ,13503.6,,2.31E+11,498.7558791,13647.5701
462,P,0, , ,0.3,PROSPECT HILLS, ,3A, ,13068,,2.31E+11,469.8497672,12707.42107
463,P,0, , ,0.2,PROSPECT HILLS, ,1B,B,8712,,2.31E+11,393.8965961,9900.714343
464,P,0, , ,0.219,EXETER, ,9, ,9583.2,,1.87E+11,389.6766202,9490.002029
465,P,0, , ,0.259,PROSPECT HILLS, ,2A, ,11325.6,,2.31E+11,445.8247405,11275.06667
466,P,0, , ,0.319,PROSPECT HILLS, ,1D,A,13939.2,,2.31E+11,521.8974586,14962.2974
467,P,0, , ,0.23,PROSPECT HILLS, ,1B,B,10018.8,,2.31E+11,414.4277876,10708.28647
468,P,0, , ,0.23,EXETER, ,9, ,10018.8,,2.30E+11,458.433003,9915.827938
469,P,0, , ,0.33,PROSPECT HILLS, ,1D, ,14374.8,,2.31E+11,478.842228,14028.82729
470,P,0, , ,0.219,EXETER, ,5, ,9583.2,,1.87E+11,460.800016,9805.790497
471,P,0, , ,0.239,EXETER, ,9, ,10454.4,,2.30E+11,417.4923311,10464.2293
472,P,0, , ,0.27,EXETER, ,9, ,11761.2,,1.87E+11,463.0999054,11938.6698
473,P,0, , ,0.27,EXETER, ,9, ,11761.2,,2.30E+11,430.8851442,12079.11549
474,P,0, , ,0.239,EXETER, ,9, ,10454.4,,1.87E+11,422.3440667,10539.31488
475,P,0, , ,0.27,EXETER, ,9, ,11761.2,,2.30E+11,422.3122939,11639.21679
476,P,0, , ,0.23,EXETER, ,9, ,10018.8,,1.87E+11,415.9410586,10115.81146
477,P,0, , ,0.2,EXETER, ,9, ,8712,,2.30E+11,375.4027684,8490.225407
478,P,0, , ,10.479,ALEXANDER DIVISION, , , ,456508.8,,2.40E+11,3041.134118,419428.7084
479,P,0, , ,10,COURTLAND HILLS, ,2, ,435600,,2.80E+11,3259.762511,470288.2483
480,P,0, , ,3,COURTLAND HILLS, ,1, ,130680,,2.80E+11,1682.023222,133943.8253
481,P,0, , ,3,COURTLAND HILLS, ,1, ,130680,,2.80E+11,1625.873517,133805.434
482,P,0, , ,0.189,EXETER, ,9, ,8276.4,,2.30E+11,363.7093094,8423.372128
483,P,0, , ,3,COURTLAND HILLS, ,1, ,130680,,2.80E+11,1730.642509,141667.3853
484,P,0, , ,0.239,EXETER, ,9, ,10454.4,,2.30E+11,419.2391662,10607.03396
485,P,0, , ,10.38,ALEXANDER DIVISION, , , ,452152.8,,2.40E+11,2683.231374,432433.4192
486,P,0, , ,0.239,EXETER, ,9, ,10454.4,,2.30E+11,408.6169446,10660.37424
487,P,0, , ,0.219,STUART BOWMAN LOTS, , , ,9583.2,,4.88E+11,407.1586309,9632.337373
488,P,0, , ,0.219,STUART BOWMAN LOTS, , , ,9583.2,,4.88E+11,401.2477246,9278.690354
489,P,0, , ,0.15,TOWN OF PURCELLVILLE, , , ,6534,,4.88E+11,350.290829,6445.700122
490,P,0, , ,4.9,BALL DIVISION, , , ,213444,,5.23E+11,1934.166208,217805.4729
491,P,0, , ,5, , , , ,217800,,2.40E+11,2053.818238,220003.2726
492,P,0, , ,0.2,EXETER, ,9, ,8712,,2.30E+11,377.3308359,8815.018963
493,P,0, , ,0.119,EXETER, ,7, ,5227.2,,1.87E+11,310.0065182,5435.48226
494,P,0, , ,3.009,BALL DIVISION, , , ,131115.6,,5.23E+11,1859.553906,133433.9739
495,P,0, ,2,8.06,MCMANAMAY FAMILY SUBDIVISION, , , ,351093.6,,2.81E+11,2683.186521,352080.9604
496,P,0, , ,0.899, , , , ,39204,,5.23E+11,796.7123877,39376.29633
497,P,0, , ,0.409,TOWN OF PURCELLVILLE, , ,5,17859.6,,4.88E+11,549.417193,17308.99642
498,P,0, , ,0.1,TOWN OF PURCELLVILLE, , ,2,4356,,4.88E+11,292.8028187,3801.056337
499,P,0, , ,0.33,TOWN OF PURCELLVILLE, , , ,14374.8,,4.88E+11,466.5152143,13508.96235
