OBJECTID,PA_MCPI,POINT_X,POINT_Y,POINT_X_SP,POINT_Y_SP
1,001154444000,-77.34298746,39.06269074,11811441.3620833,7072137.24875
2,002150124000,-77.34472901,39.05123369,11810999.4,7067958.48
3,002150139000,-77.34472273,39.05166008,11810999.23,7068113.78604166
4,002150272000,-77.34471237,39.05254617,11810998.11125,7068436.52916667
5,002150656000,-77.34450423,39.05213094,11811059.1195833,7068286.04916666
6,002150904000,-77.34452745,39.0506276,11811059.4177083,7067738.46854167
7,002151038000,-77.34438382,39.05165695,11811095.485,7068113.85875
8,002151322000,-77.34424112,39.05122286,11811137.9975,7067956.27833334
9,002151770000,-77.34413038,39.05252289,11811163.4829167,7068430.13083333
10,002151938000,-77.3440554,39.0516509,11811188.7739583,7068112.82958333
11,002152453000,-77.34385044,39.05199947,11811245.3785417,7068240.50833334
12,002152921000,-77.34367443,39.05113848,11811299.3089583,7067927.57416667
13,002153139000,-77.34363603,39.05165057,11811307.8633333,7068114.20979166
14,002158841000,-77.34160717,39.05166532,11811883.935625,7068126.84395833
15,002159045000,-77.34152838,39.05177146,11811905.821875,7068165.78333333
16,002159148000,-77.34147008,39.05187085,11811921.92,7068202.189375
17,002159262000,-77.34147428,39.05223961,11811919.0308333,7068336.473125
18,002159266000,-77.34147699,39.05235874,11811917.714375,7068379.84645833
19,002159270000,-77.34148125,39.05246872,11811915.9979167,7068419.88541667
20,002159274000,-77.34148053,39.05257899,11811915.6970833,7068460.04791667
21,002159278000,-77.34147395,39.05268894,11811917.0591667,7068500.114375
22,002159353000,-77.34141756,39.05198711,11811936.2985417,7068244.71895833
23,002159382000,-77.34145566,39.05279858,11811921.7491667,7068540.110625
24,002159386000,-77.34144846,39.05290829,11811923.2902083,7068580.08916667
25,002159391000,-77.34144387,39.05303122,11811924.0283333,7068624.875625
26,002159397000,-77.34143601,39.05319792,11811925.4945833,7068685.61604166
27,002160805000,-77.34099528,39.05060026,11812062.5910417,7067741.15479167
28,002160918000,-77.3409882,39.05114018,11812062.1183333,7067937.8125
29,002161196000,-77.34076531,39.05317535,11812116.0520833,7068679.80020833
30,002161599000,-77.34064836,39.05325873,11812148.8791667,7068710.58708334
31,002161768000,-77.34063214,39.05234353,11812157.6939583,7068377.33875
32,002161831000,-77.3405869,39.05138211,11812174.9629167,7068027.36020833
33,002161949000,-77.3404841,39.05187014,11812201.9122917,7068205.46520834
34,002161957000,-77.34060778,39.05208652,11812165.794375,7068283.82375
35,002162578000,-77.340192,39.0528111,11812280.5283333,7068549.20166667
36,002163226000,-77.34008264,39.05126069,11812318.7183333,7067984.95020834
37,002163547000,-77.33998581,39.05178439,11812343.8054167,7068176.02416667
38,002164422000,-77.33968841,39.05109479,11812431.4327083,7067925.94458333
39,002164746000,-77.3395723,39.05176013,11812461.3420833,7068168.67270833
40,002164791000,-77.33957286,39.05296978,11812455.6147917,7068609.21354167
41,002165620000,-77.33927655,39.05101709,11812548.7485417,7067899.12708333
42,002166036000,-77.339105,39.05160989,11812594.731875,7068115.63479167
43,002166812000,-77.33881625,39.05093382,11812679.8425,7067870.45333333
44,002167230000,-77.338638,39.05131603,11812728.7014583,7068010.29104167
45,002167664000,-77.33838167,39.05255187,11812795.7954167,7068461.29083334
46,002168411000,-77.33827755,39.05089319,11812833.0075,7067857.59291667
47,002168956000,-77.33811499,39.05200665,11812874.0372917,7068263.68666667
48,002169842000,-77.33773185,39.05169016,11812984.2972917,7068149.80229166
49,002170932000,-77.33739725,39.0513436,11813080.9129167,7068024.7925
50,002170984000,-77.33734056,39.05282767,11813090.1654167,7068565.47895834
51,002171924000,-77.33708827,39.05103683,11813170.070625,7067914.17979167
52,002172558000,-77.33679289,39.05207634,11813249.15125,7068293.82270834
53,002173218000,-77.3366186,39.05089153,11813304.1135417,7067862.95291667
54,002173750000,-77.33638286,39.05184405,11813366.6602083,7068210.699375
55,002173787000,-77.33633286,39.05289682,11813375.9997917,7068594.28749999
56,002174208000,-77.33620544,39.05073897,11813422.1452083,7067808.88083333
57,002175675000,-77.335752,39.05263289,11813542.1622917,7068500.25645833
58,002175711000,-77.33572272,39.05074796,11813559.18375,7067813.89291666
59,002175740000,-77.33568667,39.05155386,11813565.6977083,7068107.52416667
60,002175752000,-77.3357148,39.05188905,11813556.161875,7068229.49312501
61,002176027000,-77.33553849,39.0512485,11813609.1860417,7067996.84916666
62,002176592000,-77.33540386,39.0530037,11813639.3091667,7068636.55625001
63,002178739000,-77.33469599,39.0514772,11813847.3770833,7068083.17229167
64,002178757000,-77.3346628,39.05208407,11813853.995625,7068304.309375
65,002178791000,-77.33468839,39.05298537,11813842.5614583,7068632.46166667
66,002178873000,-77.33452874,39.05254509,11813889.933125,7068472.68854167
67,002258827000,-77.34157948,39.05403338,11811880.9154167,7068989.36812501
68,002258831000,-77.34159149,39.05414337,11811876.9977083,7069029.38062499
69,002258835000,-77.34158916,39.05425487,11811877.1483333,7069069.998125
70,002258839000,-77.34158161,39.05436712,11811878.7758333,7069110.90479167
71,002258844000,-77.34157161,39.05449284,11811881.0372917,7069156.72729167
72,002258917000,-77.34154401,39.05376734,11811892.209375,7068892.605
73,002258923000,-77.34155766,39.05390977,11811887.6791667,7068944.42749999
74,002258949000,-77.3415579,39.05464902,11811884.2135417,7069213.655
75,002259013000,-77.34151925,39.05364519,11811899.8008333,7068848.20645833
76,002259054000,-77.34152935,39.05476757,11811891.7758333,7069256.9325
77,002259058000,-77.34150818,39.0548765,11811897.2864583,7069296.67666666
78,002259109000,-77.34149559,39.0535371,11811907.018125,7068808.92749999
79,002259162000,-77.34148149,39.05498528,11811904.3639583,7069336.390625
80,002259201000,-77.34145435,39.05332016,11811919.7241667,7068730.06937499
81,002259205000,-77.34147449,39.05342878,11811913.5072917,7068769.55562501
82,002259466000,-77.34138408,39.05509075,11811931.54,7069375.15020834
83,002259670000,-77.34129455,39.05520732,11811956.4279167,7069417.92625
84,002260921000,-77.34099721,39.05339421,11812049.195625,7068758.67583333
85,002261702000,-77.34054497,39.05333329,11812177.8966667,7068738.11041667
86,002262006000,-77.3404511,39.05343443,11812204.0852083,7068775.28208333
87,002262315000,-77.34035316,39.05369979,11812230.6772917,7068872.27333334
88,002262332000,-77.34035152,39.05416448,11812229.003125,7069041.51625
89,002262357000,-77.34037838,39.05482089,11812218.356875,7069280.47750001
90,002262420000,-77.34033333,39.05382222,11812235.7441667,7068916.93145834
91,002262424000,-77.34033894,39.05393212,11812233.6466667,7068956.93645833
92,002262428000,-77.34033265,39.05404154,11812234.9275,7068996.80875
93,002262654000,-77.34025783,39.05474124,11812252.95375,7069251.90083334
94,002262951000,-77.34015043,39.05467025,11812283.78,7069226.43208334
95,002263249000,-77.34004303,39.05459942,11812314.6010417,7069201.02166666
96,002263545000,-77.33994311,39.05452,11812343.3414583,7069172.455625
97,002263933000,-77.33978027,39.05417356,11812391.175625,7069046.87041667
98,002263943000,-77.33984296,39.05442332,11812372.225,7069137.606875
99,002264016000,-77.33977968,39.05370508,11812393.499375,7068876.25854167
100,002264020000,-77.33976937,39.05382892,11812395.858125,7068921.39479166
101,002264024000,-77.33976771,39.05393908,11812395.8204167,7068961.51979166
102,002264028000,-77.33977033,39.0540494,11812394.5689583,7069001.68833333
103,002267444000,-77.33861365,39.05427583,11812721.9772917,7069088.30479167
104,002380608000,-77.33401633,39.0563293,11814017.9347917,7069852.70666666
105,003150385000,-77.34488778,39.04192659,11810996.965625,7064568.36854167
106,003150467000,-77.34472398,39.04141627,11811045.82625,7064383.10208334
107,003150592000,-77.3447205,39.04209904,11811043.6858333,7064631.77229166
108,003150999000,-77.34455438,39.04227546,11811090.0552083,7064696.61708334
109,003151172000,-77.34451584,39.04156808,11811104.245,7064439.13416667
110,003151579000,-77.34434244,39.04174689,11811152.6725,7064504.873125
111,003151985000,-77.34418127,39.04191332,11811197.6835417,7064566.06229167
112,003152491000,-77.3440201,39.04207811,11811242.7016667,7064626.65375
113,003152998000,-77.34384943,39.04225375,11811290.3666667,7064691.231875
114,003250167000,-77.34486267,39.04418279,11810993.7564583,7065390.14333333
115,003250295000,-77.34482038,39.0449567,11811002.2220833,7065672.14083333
116,003250303000,-77.3448506,39.04244753,11811005.1379167,7064758.22375
117,003250620000,-77.34467276,39.04287924,11811053.666875,7064916.08208333
118,003250633000,-77.34458622,39.04326454,11811076.48,7065056.71229167
119,003250647000,-77.3446669,39.04362272,11811051.9235417,7065186.86958334
120,003250676000,-77.34458194,39.04447674,11811072.136875,7065498.19708334
121,003251154000,-77.34446664,39.04380494,11811107.963125,7065253.94958334
122,003251315000,-77.34446045,39.04273146,11811114.6420833,7064863.02083333
123,003251529000,-77.34433728,39.0431452,11811147.7258333,7065014.14145833
124,003251541000,-77.34434373,39.04348445,11811144.3377083,7065137.66979167
125,003251765000,-77.34430057,39.04412695,11811153.65125,7065371.815
126,003251910000,-77.34421286,39.04258745,11811185.6195833,7064811.45979166
127,003252118000,-77.34412505,39.0428265,11811209.4627083,7064898.83374999
128,003252124000,-77.34409196,39.0430357,11811217.8997917,7064975.13875
129,003252148000,-77.34411421,39.04364186,11811208.8,7065195.81708333
130,003252157000,-77.34417501,39.04390672,11811190.3197917,7065292.05979167
131,003253149000,-77.34381264,39.04364873,11811294.4160417,7065199.395625
132,003253304000,-77.34368295,39.04242711,11811336.85375,7064754.96041666
133,003253640000,-77.34357334,39.04347675,11811363.1683333,7065137.62041667
134,003253734000,-77.34355809,39.04326697,11811368.461875,7065061.27458334
135,003253810000,-77.3435116,39.04261354,11811384.6616667,7064823.469375
136,003253827000,-77.34352924,39.04306416,11811377.5860417,7064987.51604167
137,003254115000,-77.34344666,39.04282156,11811402.1520833,7064899.46270834
138,003325590000,-77.3446384,39.04481143,11811054.5675,7065619.88666667
139,003325866000,-77.34458595,39.04414043,11811072.5402083,7065375.705
140,003335501000,-77.34460968,39.04509567,11811061.4233333,7065723.50687499
141,003335530000,-77.34465317,39.04589729,11811045.3970833,7066015.293125
142,003335725000,-77.34457865,39.04574846,11811067.2433333,7065961.3575
143,003335806000,-77.34454943,39.04525892,11811077.7839583,7065783.17479166
144,003335812000,-77.34452494,39.04542489,11811083.98,7065843.706875
145,003335817000,-77.34453537,39.04558931,11811080.26375,7065903.54916666
146,003335981000,-77.34448986,39.04729871,11811085.3504167,7066526.25708333
147,003345639000,-77.34456177,39.04889829,11811057.5979167,7067108.54875
148,003350278000,-77.34480945,39.04727809,11810994.6854167,7066517.60666667
149,003350335000,-77.34475138,39.04604056,11811016.8483333,7066067.11812501
150,003350363000,-77.34470855,39.0467997,11811025.53375,7066343.74062499
151,003350397000,-77.34468859,39.04774358,11811026.87625,7066687.56291667
152,003350490000,-77.34463709,39.04753194,11811042.471875,7066610.67083333
153,003351165000,-77.34443006,39.0468696,11811104.3008333,7066370.19374999
154,003351868000,-77.34414927,39.04692871,11811183.7725,7066392.72625001
155,003352386000,-77.34397563,39.04741426,11811230.858125,7066570.17770833
156,003352495000,-77.34395582,39.04767888,11811235.2683333,7066666.62041667
157,003352670000,-77.34387367,39.04698268,11811261.7920833,7066413.364375
158,003353189000,-77.34367191,39.04748602,11811316.781875,7066597.39708333
159,003353472000,-77.34359729,39.04703525,11811340.0389583,7066433.49791667
160,003353992000,-77.34340701,39.04758427,11811391.5585417,7066634.12625
161,003354274000,-77.34332233,39.04708769,11811417.8841667,7066453.58208333
162,003354897000,-77.34309426,39.0477259,11811479.724375,7066686.82791667
163,003355176000,-77.3429941,39.0471389,11811510.863125,7066473.40583333
164,003355890000,-77.34274679,39.0475986,11811578.9852083,7066641.7075
165,003355906000,-77.3430471,39.04512739,11811505.0445833,7065740.64854167
166,003355982000,-77.34269495,39.0473192,11811594.99125,7066540.13916667
167,003356988000,-77.34237989,39.0474612,11811683.8108333,7066592.98229167
168,003358656000,-77.3417706,39.04651536,11811861.1885417,7066250.700625
169,003359329000,-77.34167203,39.04582259,11811892.36625,7065998.75479166
170,003360317000,-77.34121917,39.04549771,11812022.4683333,7065882.06291667
171,003361250000,-77.34087685,39.04638627,11812115.5991667,7066206.89104167
172,003361718000,-77.34073196,39.04549897,11812160.82875,7065884.26833333
173,003362748000,-77.34032208,39.04628471,11812273.6160417,7066171.89375
174,003363161000,-77.34008459,39.04662684,11812339.4870833,7066297.34666666
175,003363397000,-77.34013878,39.04774494,11812318.9529167,7066704.35062499
176,003363883000,-77.33982935,39.04742645,11812408.2927083,7066589.470625
177,003364268000,-77.33980882,39.04690232,11812416.53625,7066398.66291666
178,003365475000,-77.3393713,39.04711251,11812539.820625,7066476.78104167
179,003366391000,-77.33904091,39.04753209,11812631.7141667,7066630.77625
180,003450215000,-77.34471559,39.04822551,11811016.999375,7066862.981875
181,003450287000,-77.34471849,39.05021702,11811007.04875,7067588.25604166
182,003450305000,-77.34469209,39.04797722,11811024.8108333,7066772.63875
183,003450329000,-77.34468408,39.04863651,11811024.0625,7067012.77604167
184,003450355000,-77.34467034,39.04932389,11811024.8139583,7067263.16
185,003450397000,-77.34462363,39.05040941,11811033.1035417,7067658.66187499
186,003450974000,-77.34431022,39.04980162,11811124.8916667,7067438.43083334
187,003451810000,-77.34416133,39.04810066,11811174.9725,7066819.49124999
188,003451819000,-77.34416857,39.04833064,11811171.8627083,7066903.22416666
189,003451853000,-77.34412375,39.04926459,11811180.3079167,7067243.5175
190,003452027000,-77.34409593,39.04855922,11811191.441875,7066986.72875001
191,003452036000,-77.34405987,39.04881309,11811200.51875,7067079.315625
192,003452102000,-77.34407942,39.04787394,11811199.2729167,7066737.21708333
193,003452161000,-77.34404169,39.04951132,11811202.4808333,7067333.66854167
194,003452678000,-77.34387507,39.04993163,11811247.8685417,7067487.33520833
195,003452752000,-77.34382186,39.04924347,11811266.1366667,7067236.90416667
196,003452910000,-77.34380459,39.04810955,11811276.2422917,7066824.005
197,003452920000,-77.3437598,39.04841309,11811287.5670833,7066934.71187501
198,003453035000,-77.34374649,39.04878635,11811289.635,7067070.69541667
199,003453069000,-77.34370123,39.04969403,11811298.3260417,7067401.42541666
200,003453185000,-77.3436375,39.05014237,11811314.365,7067564.93583333
201,003453361000,-77.34357677,39.04949419,11811334.5852083,7067329.09208333
202,003453604000,-77.34352582,39.04790891,11811356.328125,7066751.93333334
203,003453653000,-77.34351016,39.04926045,11811354.5729167,7067244.20583333
204,003453827000,-77.34343554,39.0485652,11811378.95375,7066991.27
205,003453838000,-77.34342955,39.04885258,11811379.3364583,7067095.95083334
206,003454285000,-77.34325678,39.0501146,11811422.6089583,7067556.18333334
207,003454708000,-77.34316084,39.04802517,11811459.445,7066795.57833333
208,003454961000,-77.34303489,39.04948701,11811488.501875,7067328.41541667
209,003455053000,-77.3429925,39.0492611,11811501.5760417,7067246.294375
210,003455219000,-77.34296254,39.04833454,11811514.3389583,7066908.95937499
211,003455245000,-77.34295046,39.04904127,11811514.525625,7067166.38437501
212,003455328000,-77.34289543,39.0485839,11811532.250625,7067000.0125
213,003455337000,-77.34290683,39.04881714,11811527.9439583,7067084.91500001
214,003455504000,-77.34287812,39.04800038,11811539.845,7066787.56291667
215,003456048000,-77.34303679,39.0498117,11811486.4729167,7067446.65666667
216,003461689000,-77.34060325,39.05033067,11812175.1575,7067644.38020833
217,003461962000,-77.34064459,39.0495986,11812166.78375,7067377.61812501
218,003462146000,-77.34054051,39.04910775,11812198.5995833,7067199.23208334
219,003462835000,-77.34022057,39.04880209,11812290.86375,7067089.06145833
220,003463018000,-77.34016456,39.0482546,11812309.2866667,7066889.87291667
221,003463171000,-77.3401714,39.04978422,11812300.3064583,7067446.916875
222,003463292000,-77.34010236,39.05038854,11812317.1316667,7067667.25291666
223,003464390000,-77.33971743,39.05030755,11812426.8147917,7067639.13875
224,003464541000,-77.33966196,39.04890158,11812449.0395833,7067127.29916666
225,003464670000,-77.33963549,39.04966197,11812453.0560417,7067404.31770833
226,003464719000,-77.33963418,39.04833968,11812459.5160417,7066922.75979167
227,003465692000,-77.33926745,39.05027347,11812554.756875,7067628.34166667
228,003465938000,-77.33919702,39.04878766,11812581.5975,7067087.48020834
229,003466168000,-77.33910108,39.0496057,11812605.0766667,7067385.74645834
230,003466216000,-77.33910628,39.04818502,11812610.1422917,7066868.33166666
231,003466889000,-77.33884596,39.05020875,11812674.7477083,7067606.28687499
232,003467034000,-77.33880958,39.04867611,11812692.1395833,7067048.24645834
233,003467762000,-77.33857231,39.04940239,11812756.1727083,7067313.59937499
234,003467806000,-77.33855875,39.04804409,11812766.2825,7066818.97125
235,003468391000,-77.33833538,39.05025588,11812819.5216667,7067625.2825
236,003468421000,-77.33829514,39.04831432,11812839.89875,7066918.3325
237,003468575000,-77.338209,39.04981521,11812857.4420833,7067465.25020833
238,003469130000,-77.33807539,39.04859649,11812901.0041667,7067021.88833334
239,003469556000,-77.33790011,39.04921889,11812947.9104167,7067249.18708333
240,003470683000,-77.33745137,39.0499698,11813071.8789583,7067524.27458334
241,003471029000,-77.33742917,39.04850153,11813084.9572917,7066989.628125
242,003471437000,-77.33723007,39.04878252,11813140.2010417,7067092.67833333
243,003472154000,-77.33701891,39.04924251,11813198.04375,7067260.96062501
244,003472183000,-77.33702868,39.05006559,11813191.4727083,7067560.6825
245,003473778000,-77.33640328,39.04987824,11813369.9379167,7067494.69875
246,005105125000,-77.34644362,39.05128882,11810512.2445833,7067972.43416667
247,005105141000,-77.34644475,39.051741,11810509.855625,7068137.10916667
248,005105559000,-77.34628703,39.05227174,11810552.2129167,7068330.96020833
249,005105805000,-77.346263,39.05070516,11810566.2085417,7067760.51541667
250,005106239000,-77.34605364,39.05167542,11810621.2195833,7068114.62229167
251,005106556000,-77.34593831,39.05214776,11810651.8077083,7068287.05541667
252,005106871000,-77.345841,39.05255936,11810677.555,7068437.30083333
253,005106924000,-77.34578472,39.05124666,11810699.5491667,7067959.43104167
254,005107138000,-77.345734,39.05166764,11810712.025,7068112.93041667
255,005107206000,-77.34567532,39.05074977,11810732.8895833,7067778.85979167
256,005107647000,-77.34397799,39.05223457,11811208.07875,7068325.67458333
257,005107661000,-77.34553285,39.05226829,11810766.394375,7068332.39624999
258,005107752000,-77.34552509,39.05201665,11810769.750625,7068240.78
259,005108024000,-77.34540188,39.05123532,11810808.3158333,7067956.6675
260,005108139000,-77.34539507,39.05165253,11810808.3385417,7068108.63645834
261,005108202000,-77.34535448,39.05059572,11810824.708125,7067723.903125
262,005108672000,-77.3453198,39.05255263,11810825.590625,7068436.71083334
263,005108905000,-77.34520507,39.05073079,11810866.5177083,7067773.62541667
264,005109038000,-77.34506169,39.05164995,11810903.02,7068108.88770834
265,005109124000,-77.3450679,39.05122777,11810903.1929167,7067955.11020833
266,005109352000,-77.34495937,39.05201176,11810930.4183333,7068241.01854166
267,005109361000,-77.34496709,39.05226318,11810927.075625,7068332.55541667
268,005109604000,-77.34482307,39.05073067,11810974.9964583,7067774.94979167
269,005159854000,-77.36237692,39.05222565,11805983.3941667,7068257.15458333
270,005159876000,-77.36224748,39.0527634,11806017.7225,7068453.453125
271,005159927000,-77.36238805,39.05149964,11805983.50875,7067992.708125
272,005159936000,-77.36240197,39.0517375,11805978.4827083,7068079.28458333
273,005159946000,-77.36239691,39.05197565,11805978.84375,7068166.03354166
274,005160109000,-77.36230076,39.05099688,11806010.5675,7067809.91458334
275,005160118000,-77.36235243,39.05125286,11805994.7372917,7067902.95833333
276,005160360000,-77.36233988,39.05249171,11805992.709375,7068354.17937501
277,005160683000,-77.3620256,39.05299535,11806079.6827083,7068538.70729166
278,005161590000,-77.36172967,39.05317989,11806162.8845833,7068606.95729166
279,005161931000,-77.36168379,39.05161414,11806182.981875,7068036.88645834
280,005161941000,-77.36170123,39.05183476,11806177.0347917,7068117.17208333
281,005162049000,-77.3616494,39.05205642,11806190.7508333,7068198.08020833
282,005162125000,-77.36160574,39.05141466,11806206.0475,7067964.51395833
283,005162256000,-77.36152774,39.05226098,11806224.3745833,7068273.00958334
284,005162518000,-77.36147887,39.05122032,11806242.9529167,7067894.18187501
285,005162694000,-77.36140028,39.05331274,11806255.81875,7068656.49729167
286,005162762000,-77.36133798,39.05243125,11806277.4925,7068335.68916667
287,005163112000,-77.3612717,39.05104473,11806302.5777083,7067830.965
288,005163142000,-77.36128017,39.05186636,11806296.4595833,7068130.16500001
289,005163333000,-77.36120028,39.05162852,11806320.2197917,7068043.826875
290,005163349000,-77.3611766,39.05212853,11806324.6875,7068226.00937501
291,005163567000,-77.36104595,39.05254719,11806359.8954167,7068378.94
292,005163625000,-77.36106877,39.0514045,11806358.5770833,7067962.70604166
293,005163796000,-77.36099284,39.05335755,11806371.315,7068674.25416666
294,005163808000,-77.36102009,39.05092326,11806374.576875,7067787.61333333
295,005164319000,-77.360844,39.05123667,11806423.1647917,7067902.37291667
296,005164505000,-77.36075408,39.05085707,11806450.4160417,7067764.44291666
297,005164555000,-77.36077817,39.0522406,11806437.32125,7068268.22875001
298,005164568000,-77.36073633,39.05260669,11806447.5489583,7068401.70020834
299,005164797000,-77.36066634,39.05336681,11806463.9864583,7068678.77604167
300,005164937000,-77.36059037,39.05174905,11806492.871875,7068089.871875
301,005165045000,-77.36057396,39.05200234,11806496.3889583,7068182.17541666
302,005165115000,-77.36056854,39.05112973,11806501.8720833,7067864.39979167
303,005165303000,-77.36049306,39.05081005,11806524.7504167,7067748.23875
304,005165469000,-77.36042636,39.0526375,11806535.4316667,7068414.01520833
305,005165597000,-77.36038091,39.05334507,11806545.136875,7068671.86479166
306,005165661000,-77.36033841,39.05239535,11806561.5016667,7068326.13583334
307,005165732000,-77.36035454,39.05157131,11806560.6447917,7068025.97375
308,005165913000,-77.36026634,39.05107082,11806587.9547917,7067844.00812501
309,005165954000,-77.36024651,39.05219641,11806588.4970833,7068254.00750001
310,005166002000,-77.36022873,39.05076614,11806600.01375,7067733.18104167
311,005166245000,-77.36014952,39.05195639,11806617.1247917,7068166.93791667
312,005166298000,-77.36012624,39.05336071,11806617.3839583,7068678.45916666
313,005166526000,-77.36005289,39.05150432,11806646.6075,7068002.63875
314,005166801000,-77.35996158,39.05072663,11806676.0560417,7067719.73416667
315,005166813000,-77.35996679,39.05105425,11806673.095625,7067839.03270833
316,005166971000,-77.35988545,39.05266813,11806688.8927083,7068427.076875
317,005166999000,-77.35987179,39.05338128,11806689.5464583,7068686.84916666
318,005167137000,-77.35983995,39.05179155,11806705.7791667,7068107.99458334
319,005167362000,-77.35977037,39.05242817,11806722.6570833,7068340.091875
320,005167513000,-77.3596934,39.05105622,11806750.7208333,7067840.71250001
321,005167530000,-77.35970913,39.05151432,11806744.180625,7068007.49416667
322,005167601000,-77.35967723,39.05071765,11806756.845625,7067717.46645834
323,005167699000,-77.35961649,39.05340788,11806761.9216667,7068697.435
324,005167856000,-77.35958267,39.05223956,11806776.8104167,7068272.06395833
325,005167946000,-77.35950537,39.05198154,11806799.93,7068178.36854167
326,005167971000,-77.35953219,39.05265524,11806789.2660417,7068423.63041666
327,005168513000,-77.35937256,39.05105743,11806841.825,7067842.28520833
328,005168602000,-77.35932582,39.05074938,11806856.4920833,7067730.26208334
329,005168630000,-77.35934511,39.05151291,11806847.5602083,7068008.26229167
330,005168773000,-77.35928274,39.05272759,11806859.7727083,7068450.85770833
331,005168839000,-77.35925413,39.05177436,11806872.2120833,7068103.80374999
332,005169063000,-77.35916347,39.05242317,11806895.0191667,7068340.41354166
333,005169246000,-77.3591336,39.05197548,11806905.5302083,7068177.47437499
334,005169554000,-77.35898877,39.0521685,11806945.783125,7068248.28166667
335,005169876000,-77.358857,39.05279277,11806980.3752083,7068476.09791666
336,005170113000,-77.35879429,39.05108529,11807005.9120833,7067854.47416666
337,005170127000,-77.35878871,39.0514177,11807005.9927083,7067975.55166666
338,005170159000,-77.358802,39.05234965,11806997.999375,7068314.91395834
339,005170204000,-77.358768,39.050811,11807014.62125,7067754.67270833
340,005170733000,-77.35863013,39.05165495,11807049.950625,7068062.51625
341,005170780000,-77.35854895,39.0529053,11807067.34125,7068518.166875
342,005170842000,-77.35851116,39.05185701,11807082.8208333,7068136.52479167
343,005170868000,-77.35853386,39.05256199,11807073.1827083,7068393.19312499
344,005171104000,-77.35845718,39.05081023,11807102.8897917,7067755.48895833
345,005171226000,-77.358434,39.05137064,11807106.9333333,7067959.666875
346,005171415000,-77.35839035,39.05111495,11807120.4860417,7067866.70208333
347,005171552000,-77.35829289,39.05211284,11807143.6439583,7068230.46708333
348,005171584000,-77.35827867,39.05298795,11807143.7185417,7068549.22270833
349,005171774000,-77.35818034,39.05272122,11807172.8491667,7068452.42916666
350,005171902000,-77.35813716,39.05073832,11807194.0933333,7067730.42937501
351,005172137000,-77.35809668,39.05169121,11807201.27125,7068077.60583334
352,005172287000,-77.35801197,39.05307381,11807219.0614583,7068581.43354167
353,005172359000,-77.35797268,39.05229405,11807233.7529167,7068297.59145834
354,005172428000,-77.35798507,39.05147409,11807233.9479167,7067998.92666666
355,005172521000,-77.35792825,39.05127309,11807250.9960417,7067925.92791666
356,005172546000,-77.35793806,39.05194619,11807245.1589583,7068171.02645834
357,005172714000,-77.3578539,39.05106875,11807273.033125,7067851.76854166
358,005172778000,-77.35784946,39.05283307,11807266.3016667,7068494.331875
359,005172802000,-77.35784609,39.0508062,11807276.4422917,7067756.17958334
360,005173091000,-77.35773772,39.053167,11807296.5170833,7068616.34166667
361,005173262000,-77.35768002,39.05238103,11807316.4641667,7068330.30312499
362,005173682000,-77.35750367,39.05292173,11807364.0922917,7068527.84583333
363,005173794000,-77.35748606,39.05326499,11807367.5370833,7068652.9175
364,005173849000,-77.3574779,39.05204149,11807375.3989583,7068207.36020833
365,005174040000,-77.3573899,39.05177693,11807401.5879167,7068111.32145834
366,005174064000,-77.35739181,39.05243954,11807398.0414583,7068352.63291667
367,005174131000,-77.35738899,39.05155362,11807402.8579167,7068029.99833333
368,005174224000,-77.3573396,39.05134552,11807417.82625,7067954.38479167
369,005174316000,-77.35729048,39.05113072,11807432.750625,7067876.331875
370,005174407000,-77.35727175,39.05089177,11807439.1529167,7067789.37333333
371,005174698000,-77.35716371,39.05337174,11807458.5891667,7068692.93375
372,005174789000,-77.35713755,39.05311635,11807467.1745833,7068600.01770833
373,005174881000,-77.3571253,39.05290228,11807471.6245833,7068522.09770833
374,005174966000,-77.35707132,39.05250571,11807488.75125,7068377.86208333
375,005175150000,-77.35701516,39.05204681,11807506.7789583,7068210.93270834
376,005175157000,-77.35703278,39.05225864,11807500.8147917,7068288.0175
377,005175242000,-77.35698896,39.05183848,11807515.1633333,7068135.15479167
378,005175334000,-77.35695431,39.05162829,11807525.9577083,7068058.72916667
379,005175427000,-77.35692201,39.05141941,11807536.0752083,7067982.76979166
380,005175519000,-77.35689115,39.05120753,11807545.8014583,7067905.714375
381,005175611000,-77.35686493,39.05098536,11807554.2539583,7067824.895
382,005175702000,-77.35683628,39.05075601,11807563.43,7067741.47208333
383,005176399000,-77.35657545,39.05340307,11807625.4910417,7068706.425
384,005176482000,-77.35655795,39.05292238,11807632.6425,7068531.424375
385,005176490000,-77.35656984,39.05313986,11807628.279375,7068610.58562501
386,005176668000,-77.35649894,39.05254159,11807651.12625,7068392.953125
387,005176759000,-77.35645645,39.05229691,11807664.3029167,7068303.99312501
388,005176851000,-77.3564141,39.05207896,11807677.316875,7068224.76895833
389,005176943000,-77.35637142,39.05186094,11807690.425625,7068145.51895833
390,005177035000,-77.35634125,39.0516464,11807699.9652083,7068067.49208334
391,005177127000,-77.35632547,39.0514304,11807705.4270833,7067988.88312501
392,005177218000,-77.35628641,39.05118004,11807717.656875,7067897.84208333
393,005177360000,-77.35623853,39.05228223,11807726.250625,7068299.41895834
394,005177396000,-77.35622163,39.05330014,11807726.4295833,7068670.19166666
395,005177482000,-77.35620138,39.05295925,11807733.7275,7068546.11520833
396,005177504000,-77.35616089,39.05077936,11807755.1170833,7067752.3625
397,005177668000,-77.35614251,39.05256301,11807752.2427083,7068402.015625
398,005178124000,-77.35594562,39.05133454,11807813.7283333,7067955.31791666
399,005178194000,-77.35596763,39.05322418,11807798.9035417,7068643.42520833
400,005178237000,-77.35591333,39.05164897,11807821.4714583,7068069.94333333
401,005178254000,-77.3559522,39.05218774,11807807.9877083,7068266.02
402,005178262000,-77.35593655,39.05241025,11807811.4214583,7068347.11166666
403,005178380000,-77.35586137,39.05289886,11807830.5522917,7068525.32229167
404,005178445000,-77.3558751,39.05193869,11807831.0125,7068175.59020834
405,005178806000,-77.35573791,39.05083541,11807874.98,7067774.27375001
406,005178892000,-77.35571844,39.05316745,11807869.9222917,7068623.64749999
407,005179377000,-77.35553098,39.05282488,11807924.7095833,7068499.550625
408,005179536000,-77.35548876,39.05164601,11807942.05,7068070.36583333
409,005179626000,-77.35546789,39.05139365,11807949.12375,7067978.53583333
410,005179708000,-77.35540353,39.05089129,11807969.6822917,7067795.80666667
411,005179769000,-77.3553726,39.0525884,11807970.758125,7068413.98645833
412,005179789000,-77.35537036,39.05310908,11807969.0283333,7068603.62229167
413,005179817000,-77.35536523,39.0511453,11807979.4033333,7067888.44979167
414,005179943000,-77.35533843,39.05186309,11807983.754375,7068149.95895833
415,005179960000,-77.35530446,39.05234755,11807991.2022917,7068326.513125
416,005180152000,-77.35522186,39.05209221,11808015.8164583,7068233.815625
417,005180890000,-77.35497722,39.05310026,11808080.70875,7068601.80270833
418,005181795000,-77.35469027,39.05326809,11808161.4289583,7068663.939375
419,005181959000,-77.35466422,39.05232092,11808173.1297917,7068319.08208333
420,005182485000,-77.35443511,39.05305754,11808234.8425,7068588.16416667
421,005183198000,-77.35425258,39.05336611,11808285.2722917,7068701.18854167
422,005183796000,-77.35576532,39.0530179,11807857.2891667,7068569.01729167
423,005184123000,-77.35384832,39.05133238,11808409.3152083,7067961.95874999
424,005184215000,-77.35384837,39.05108763,11808410.4139583,7067872.82145834
425,005184334000,-77.35378578,39.05157074,11808425.991875,7068048.98791666
426,005184407000,-77.35376717,39.05084768,11808434.5635417,7067785.72437499
427,005184543000,-77.35368301,39.05182271,11808454.0295833,7068141.11645833
428,005184941000,-77.35351955,39.05257792,11808497.0114583,7068416.73708333
429,005184943000,-77.35351312,39.05263865,11808498.5610417,7068438.87875
430,005185038000,-77.35351518,39.05250008,11808498.6072917,7068388.40291667
431,005185046000,-77.35350101,39.05269837,11808501.7283333,7068460.67083333
432,005185048000,-77.35348852,39.05275799,11808505.0045833,7068482.42625
433,005185051000,-77.3534728,39.05283295,11808509.126875,7068509.781875
434,005185154000,-77.35345103,39.05293682,11808514.83625,7068547.6875
435,005185157000,-77.35343532,39.05301179,11808518.9575,7068575.0475
436,005185259000,-77.35342282,39.0530714,11808522.2345833,7068596.80208333
437,005185262000,-77.35340708,39.05314637,11808526.3647917,7068624.16041666
438,005185367000,-77.35336219,39.05327692,11808538.51625,7068671.86354166
439,005185431000,-77.35335553,39.05231196,11808544.7985417,7068320.45999999
440,005185569000,-77.35330519,39.05333726,11808554.4272917,7068694.04062501
441,005185630000,-77.35326942,39.052277,11808569.4083333,7068308.03166667
442,005185671000,-77.35325852,39.05338547,11808567.4633333,7068711.76333334
443,005185744000,-77.35331854,39.05188347,11808557.2527083,7068164.53937501
444,005185814000,-77.35329178,39.05104487,11808568.6641667,7067859.22479166
445,005185821000,-77.35329381,39.05129018,11808566.9722917,7067948.558125
446,005185829000,-77.35319972,39.05225093,11808589.3222917,7068298.78541666
447,005186028000,-77.35312995,39.05222468,11808609.2541667,7068289.47395833
448,005186107000,-77.35315642,39.05083454,11808608.0622917,7067783.10354167
449,005186142000,-77.35310978,39.05257577,11808613.3816667,7068417.40895833
450,005186229000,-77.35307661,39.05146955,11808627.8345833,7068014.65000001
451,005186250000,-77.35305691,39.05282366,11808627.269375,7068507.87354167
452,005186327000,-77.35304221,39.05219167,11808634.3191667,7068277.76395833
453,005186337000,-77.35305547,39.05171127,11808632.7395833,7068102.75895834
454,005186441000,-77.35302178,39.0525417,11808638.5270833,7068405.31291667
455,005186549000,-77.35296773,39.05279423,11808652.726875,7068497.47395833
456,005186562000,-77.35296528,39.0531467,11808651.8177083,7068625.84729166
457,005186626000,-77.35292274,39.05214673,11808668.4491667,7068261.82020834
458,005186640000,-77.35295201,39.05251545,11808658.4589583,7068396.00104167
459,005186748000,-77.35289639,39.05277069,11808673.0927083,7068489.15416667
460,005186761000,-77.35287556,39.05311711,11808677.43,7068615.38916667
461,005186839000,-77.35288224,39.0524892,11808678.3910417,7068386.68875
462,005186925000,-77.352835,39.05211373,11808693.5147917,7068250.111875
463,005186948000,-77.35282505,39.05274715,11808693.4583333,7068480.83354166
464,005186960000,-77.35280421,39.05309358,11808697.7975,7068607.07250001
465,005187038000,-77.35279502,39.0524564,11808703.3072917,7068375.05
466,005187124000,-77.35276523,39.05208748,11808713.4460417,7068240.79958333
467,005187147000,-77.35273533,39.05271755,11808719.07,7068470.37166667
468,005187159000,-77.35273287,39.05307005,11808718.1647917,7068598.75624999
469,005187323000,-77.35269546,39.05206123,11808733.3783333,7068231.48833333
470,005187359000,-77.35266152,39.05304652,11808738.5325,7068590.43979166
471,005187409000,-77.3524726,39.05069959,11808802.8625,7067736.38312501
472,005187436000,-77.35266343,39.05243408,11808740.7758333,7068367.388125
473,005187522000,-77.35260772,39.05202822,11808758.4439583,7068219.779375
474,005187529000,-77.35347953,39.05209829,11808510.5570833,7068242.20166667
475,005187545000,-77.35260809,39.05268792,11808755.3366667,7068460.03208333
476,005187635000,-77.35257622,39.05240127,11808765.6908333,7068355.74895833
477,005187658000,-77.3525718,39.05301693,11808764.145,7068579.9825
478,005187834000,-77.35250644,39.05237504,11808785.6245833,7068346.44416666
479,005187844000,-77.35251612,39.05266393,11808781.5633333,7068451.62125
480,005187866000,-77.35250359,39.05326107,11808782.40125,7068669.14020833
481,005188044000,-77.35244248,39.05264516,11808802.558125,7068445.04666667
482,005188056000,-77.352443,39.052979,11808800.89125,7068566.62708333
483,005188065000,-77.35241101,39.05323778,11808808.7972917,7068660.98666666
484,005188133000,-77.35241729,39.05234758,11808811.0666667,7068336.75979167
485,005188243000,-77.35236885,39.05262639,11808823.5533333,7068438.47208333
486,005188255000,-77.35235164,39.05295544,11808826.9414583,7068558.37020834
487,005188264000,-77.35233717,39.05321951,11808829.8479167,7068654.59375
488,005188442000,-77.35229521,39.05260762,11808844.5485417,7068431.89791666
489,005188455000,-77.35227806,39.05293654,11808847.9222917,7068551.75041667
490,005188464000,-77.35226333,39.05320124,11808850.8983333,7068648.20083334
491,005188502000,-77.35219636,39.05074018,11808881.1241667,7067752.14791666
492,005188527000,-77.35227067,39.05150068,11808856.5570833,7068028.85041666
493,005188642000,-77.35220312,39.05258351,11808870.8091667,7068423.44541667
494,005188654000,-77.35220448,39.05291765,11808868.901875,7068545.12895833
495,005188720000,-77.35236201,39.05126919,11808831.6733333,7067944.2175
496,005188763000,-77.35217158,39.05317709,11808877.0629167,7068639.73104167
497,005188953000,-77.35211196,39.05289389,11808895.281875,7068536.80416666
498,005189424000,-77.35195986,39.05210802,11808942.0547917,7068251.14041667
499,005189515000,-77.35212647,39.05104468,11808899.5845833,7067863.291875
